datetime,open,high,low,close,volume
2026-03-12T03:00:00+00:00,8565.44,8575.94,8563.449999999999,8570.949999999999,1407
2026-03-12T04:00:00+00:00,8570.949999999999,8585.96,8566.949999999999,8581.949999999999,1213
2026-03-12T05:00:00+00:00,8581.949999999999,8600.039999999999,8581.039999999999,8590.36,1269
2026-03-12T06:00:00+00:00,8614.54,8632.24,8609.23,8631.72,648
2026-03-12T07:00:00+00:00,8631.72,8659.24,8631.72,8659.24,1098
2026-03-12T08:00:00+00:00,8659.24,8668.23,8644.24,8661.72,2448
2026-03-12T09:00:00+00:00,8661.72,8670.74,8636.74,8670.24,2473
2026-03-12T10:00:00+00:00,8670.24,8674.74,8663.72,8669.24,1739
2026-03-12T11:00:00+00:00,8669.24,8690.22,8661.22,8674.24,1653
2026-03-12T12:00:00+00:00,8674.24,8676.73,8649.73,8662.23,2734
2026-03-12T13:00:00+00:00,8662.23,8669.74,8623.72,8636.22,6858
2026-03-12T14:00:00+00:00,8636.22,8657.72,8594.72,8597.74,7346
2026-03-12T15:00:00+00:00,8597.74,8598.74,8559.23,8591.24,7423
2026-03-12T16:00:00+00:00,8591.24,8597.22,8570.73,8583.73,6236
2026-03-12T17:00:00+00:00,8583.73,8608.24,8582.72,8589.72,4073
2026-03-12T18:00:00+00:00,8589.72,8608.72,8589.72,8594.74,3039
2026-03-12T19:00:00+00:00,8594.74,8603.24,8579.72,8588.03,2558
2026-03-12T20:00:00+00:00,8588.03,8591.03,8581.03,8583.03,1052.0323056455147
2026-03-12T22:00:00+00:00,8583.03,8584.02,8570.01,8575.51,233.03510696653868
2026-03-12T23:00:00+00:00,8575.51,8599.9,8575.41,8595.92,2209
2026-03-13T00:00:00+00:00,8595.92,8638.41,8589.4,8631.9,2463
2026-03-13T01:00:00+00:00,8631.9,8656.92,8625.41,8626.41,1503
2026-03-13T02:00:00+00:00,8626.41,8637.91,8623.9,8631.9,1197
2026-03-13T03:00:00+00:00,8631.9,8635.92,8615.9,8619.91,1134.7393158473956
2026-03-13T04:00:00+00:00,8619.91,8624.91,8601.41,8606.91,1107
2026-03-13T05:00:00+00:00,8606.91,8612.5,8593.52,8596.82,904
2026-03-13T06:00:00+00:00,8602.82,8607.51,8579.5,8580.52,714
2026-03-13T07:00:00+00:00,8580.52,8581.01,8532,8537.51,2210
2026-03-13T08:00:00+00:00,8537.51,8543.52,8501,8540.51,4885
2026-03-13T09:00:00+00:00,8540.51,8555.02,8533,8553.01,2719
2026-03-13T10:00:00+00:00,8553.01,8585.52,8550.5,8585.52,2142
2026-03-13T11:00:00+00:00,8585.52,8602.52,8579.5,8601.02,2168
2026-03-13T12:00:00+00:00,8601.02,8624.52,8589.51,8609.52,2842
2026-03-13T13:00:00+00:00,8609.52,8642.01,8605.5,8620,3914
2026-03-13T14:00:00+00:00,8620,8624.52,8567.5,8569.02,5864
2026-03-13T15:00:00+00:00,8569.02,8585.52,8545,8547.52,6704
2026-03-13T16:00:00+00:00,8547.52,8568.52,8544.02,8553.5,6090
2026-03-13T17:00:00+00:00,8553.5,8569.02,8544,8546.5,4954
2026-03-13T18:00:00+00:00,8546.5,8571.02,8540.5,8568,3173
2026-03-13T19:00:00+00:00,8568,8568.02,8529,8541.8,2302
2026-03-13T20:00:00+00:00,8541.8,8544.8,8532.8,8542.8,871.7868329498397
2026-03-15T22:00:00+00:00,8542.8,8568.64,8542.8,8564.12,417
2026-03-15T23:00:00+00:00,8564.12,8592.54,8560.54,8577.52,4039
2026-03-16T00:00:00+00:00,8577.52,8619.53,8575.52,8614.02,3086
2026-03-16T01:00:00+00:00,8614.02,8617.53,8571.52,8591.03,2732
2026-03-16T02:00:00+00:00,8591.03,8591.53,8567.53,8569.54,1803
2026-03-16T03:00:00+00:00,8569.54,8585.54,8566.52,8584.53,1239
2026-03-16T04:00:00+00:00,8584.53,8590.54,8573.53,8574.03,995
2026-03-16T05:00:00+00:00,8574.03,8583.64,8572.62,8577.44,735
2026-03-16T06:00:00+00:00,8576.44,8590.14,8576.44,8588.12,359.6836606764437
2026-03-16T07:00:00+00:00,8588.12,8593.64,8562.63,8565.13,1129
2026-03-16T08:00:00+00:00,8565.13,8576.63,8540.62,8550.63,3902
2026-03-16T09:00:00+00:00,8550.63,8558.14,8532.12,8535.13,3501
2026-03-16T10:00:00+00:00,8535.13,8574.14,8532.12,8573.62,2626
2026-03-16T11:00:00+00:00,8573.62,8584.63,8565.62,8584.14,1656
2026-03-16T12:00:00+00:00,8584.14,8615.64,8584.12,8603.14,1570
2026-03-16T13:00:00+00:00,8603.14,8648.63,8602.12,8648.62,2501
2026-03-16T14:00:00+00:00,8648.62,8658.13,8616.12,8638.12,4347
2026-03-16T15:00:00+00:00,8638.12,8639.64,8612.62,8613.64,3578
2026-03-16T16:00:00+00:00,8613.64,8621.14,8595.63,8607.64,4275
2026-03-16T17:00:00+00:00,8607.64,8627.64,8606.62,8616.12,3219
2026-03-16T18:00:00+00:00,8616.12,8638.64,8616.12,8632.12,1808
2026-03-16T19:00:00+00:00,8632.12,8645.63,8614.62,8644.43,1780
2026-03-16T20:00:00+00:00,8644.43,8645.43,8643.43,8644.43,62.95278522567564
2026-03-16T22:00:00+00:00,8644.43,8644.43,8618.5,8620.7,219.351105684439
2026-03-16T23:00:00+00:00,8620.7,8634.61,8603.62,8615.11,2344
2026-03-17T00:00:00+00:00,8615.11,8615.6,8579.1,8582.11,1717
2026-03-17T01:00:00+00:00,8582.11,8596.11,8577.6,8588.62,1287
2026-03-17T02:00:00+00:00,8588.62,8590.62,8572.6,8572.62,1187
2026-03-17T03:00:00+00:00,8572.62,8619.61,8571.61,8603.1,2078
2026-03-17T04:00:00+00:00,8603.1,8621.62,8599.61,8614.1,1578
2026-03-17T05:00:00+00:00,8614.1,8614.72,8601.72,8604.5,925
2026-03-17T06:00:00+00:00,8605,8605,8560.01,8565.72,843
2026-03-17T07:00:00+00:00,8565.72,8587.72,8558.2,8587.21,1288
2026-03-17T08:00:00+00:00,8587.21,8610.72,8586.2,8598.72,2772
2026-03-17T09:00:00+00:00,8598.72,8629.22,8598.21,8625.7,1751
2026-03-17T10:00:00+00:00,8625.7,8626.71,8600.7,8614.2,1354
2026-03-17T11:00:00+00:00,8614.2,8623.22,8608.7,8612.71,1110
2026-03-17T12:00:00+00:00,8612.71,8645.72,8611.22,8645.2,1222
2026-03-17T13:00:00+00:00,8645.2,8667.72,8644.7,8662.71,1972
2026-03-17T14:00:00+00:00,8662.71,8669.71,8652.22,8666.22,2685
2026-03-17T15:00:00+00:00,8666.22,8666.22,8628.02,8635.71,3486
2026-03-17T16:00:00+00:00,8635.71,8640.72,8622.2,8627.21,3751
2026-03-17T17:00:00+00:00,8627.21,8635.72,8616.21,8622.21,1642
2026-03-17T18:00:00+00:00,8622.21,8628.7,8611.71,8615.71,1122
2026-03-17T19:00:00+00:00,8615.71,8619.01,8610.72,8619.01,704
2026-03-17T20:00:00+00:00,8619.01,8621.01,8617.01,8618.01,330.5260514763173
2026-03-17T22:00:00+00:00,8618.01,8620.52,8611.02,8619.52,117.4639979204575
2026-03-17T23:00:00+00:00,8619.52,8625.91,8598.91,8602.93,1141
2026-03-18T00:00:00+00:00,8602.93,8621.91,8595.91,8616.41,1116
2026-03-18T01:00:00+00:00,8616.41,8638.93,8614.93,8626.93,826
2026-03-18T02:00:00+00:00,8626.93,8632.93,8623.91,8632.91,627
2026-03-18T03:00:00+00:00,8632.91,8645.93,8631.93,8639.92,567
2026-03-18T04:00:00+00:00,8639.92,8649.92,8635.92,8640.91,564.8177044261065
2026-03-18T05:00:00+00:00,8640.91,8642.03,8634.83,8634.83,404
2026-03-18T06:00:00+00:00,8634.33,8651.03,8633.31,8648.01,576.8478747203579
2026-03-18T07:00:00+00:00,8648.01,8658.03,8641.02,8645.02,313.01201830695595
2026-03-18T08:00:00+00:00,8645.02,8650.51,8637.51,8648.01,483
2026-03-18T09:00:00+00:00,8648.01,8654.03,8639.51,8651.02,421
2026-03-18T10:00:00+00:00,8651.02,8654.03,8638.51,8640.01,403.7547169811321
2026-03-18T11:00:00+00:00,8640.01,8649.53,8619.53,8628.51,814.0688888888889
2026-03-18T12:00:00+00:00,8628.51,8630.02,8547.02,8548.51,1567
2026-03-18T13:00:00+00:00,8548.51,8567.81,8540.03,8560.02,2074
2026-03-18T14:00:00+00:00,8560.02,8577.03,8496.82,8538.02,1878
2026-03-18T15:00:00+00:00,8538.02,8556.03,8530.51,8537.53,1285
2026-03-18T16:00:00+00:00,8537.53,8554.53,8529.01,8542.03,1136
2026-03-18T17:00:00+00:00,8542.03,8549.02,8529.51,8541.51,1066
2026-03-18T18:00:00+00:00,8541.51,8555.81,8501.81,8506.03,2395
2026-03-18T19:00:00+00:00,8506.03,8524.53,8486.52,8491.31,1205
2026-03-18T20:00:00+00:00,8491.31,8494.31,8475.31,8479.31,800.4175276805929
2026-03-18T22:00:00+00:00,8479.31,8483.15,8460.64,8481.65,293.26157034308085
2026-03-18T23:00:00+00:00,8481.65,8504.54,8469.05,8483.55,2556
2026-03-19T00:00:00+00:00,8483.55,8503.05,8474.05,8488.03,2952
2026-03-19T01:00:00+00:00,8488.03,8496.54,8475.55,8476.04,1541
2026-03-19T02:00:00+00:00,8476.04,8500.05,8466.53,8496.05,1785
2026-03-19T03:00:00+00:00,8496.05,8503.55,8481.05,8481.05,916
2026-03-19T04:00:00+00:00,8481.05,8483.03,8468.04,8479.04,1257
2026-03-19T05:00:00+00:00,8479.04,8479.04,8459.64,8467.94,776
2026-03-19T06:00:00+00:00,8479.94,8482.15,8457.64,8466.64,509
2026-03-19T07:00:00+00:00,8466.64,8479.13,8447.63,8453.64,2261
2026-03-19T08:00:00+00:00,8453.64,8467.64,8414.63,8421.63,5906
2026-03-19T09:00:00+00:00,8421.63,8461.15,8403.65,8456.15,6546
2026-03-19T10:00:00+00:00,8456.15,8456.15,8419.13,8423.14,3039
2026-03-19T11:00:00+00:00,8423.14,8431.13,8409.13,8423.64,2749
2026-03-19T12:00:00+00:00,8423.64,8425.15,8377.65,8390.13,4224
2026-03-19T13:00:00+00:00,8390.13,8425.95,8364.14,8424.64,9300
2026-03-19T14:00:00+00:00,8424.64,8443.65,8400.13,8419.63,7497
2026-03-19T15:00:00+00:00,8419.63,8447.14,8399.64,8426.15,6458
2026-03-19T16:00:00+00:00,8426.15,8446.15,8404.15,8415.15,5543
2026-03-19T17:00:00+00:00,8415.15,8429.13,8400.13,8421.64,2970
2026-03-19T18:00:00+00:00,8421.64,8462.65,8417.65,8461.13,2573
2026-03-19T19:00:00+00:00,8461.13,8505.65,8459.63,8481.44,8218
2026-03-19T20:00:00+00:00,8481.44,8496.44,8479.44,8494.44,1096.4897626132692
2026-03-19T22:00:00+00:00,8494.44,8494.640000000001,8485.35,8486.86,260.35538461538465
2026-03-19T23:00:00+00:00,8486.86,8506.26,8472.26,8476.24,2290
2026-03-20T00:00:00+00:00,8476.24,8482.26,8457.25,8457.76,2616
2026-03-20T01:00:00+00:00,8457.76,8495.24,8446.74,8479.74,2346
2026-03-20T02:00:00+00:00,8479.74,8495.76,8470.24,8472.24,1178
2026-03-20T03:00:00+00:00,8472.24,8474.26,8456.76,8463.25,945
2026-03-20T04:00:00+00:00,8463.25,8468.26,8444.75,8446.26,944
2026-03-20T05:00:00+00:00,8446.26,8459.35,8417.34,8455.640000000001,1568
2026-03-20T06:00:00+00:00,8446.54,8450.26,8428.74,8431.25,372.15800865800867
2026-03-20T07:00:00+00:00,8431.25,8473.76,8419.76,8470.75,914
2026-03-20T08:00:00+00:00,8470.75,8488.74,8463.74,8468.24,3128
2026-03-20T09:00:00+00:00,8468.24,8471.75,8412.74,8418.76,4183
2026-03-20T10:00:00+00:00,8418.76,8421.76,8380.24,8406.24,5240
2026-03-20T11:00:00+00:00,8406.24,8442.25,8404.74,8440.26,3888
2026-03-20T12:00:00+00:00,8440.26,8452.76,8423.74,8440.76,4262
2026-03-20T13:00:00+00:00,8440.76,8444.25,8379.74,8380.74,6582
2026-03-20T14:00:00+00:00,8380.74,8382.26,8315.04,8324.24,8653
2026-03-20T15:00:00+00:00,8324.24,8351.24,8309.74,8326.74,8919
2026-03-20T16:00:00+00:00,8326.74,8340.76,8299.25,8314.26,5760
2026-03-20T17:00:00+00:00,8314.26,8321.75,8292.76,8312.24,4605
2026-03-20T18:00:00+00:00,8312.24,8316.76,8266.06,8276.26,4190
2026-03-20T19:00:00+00:00,8276.26,8293.76,8250.74,8287.54,3387
2026-03-20T20:00:00+00:00,8287.54,8294.54,8278.54,8285.54,973.3933418189047
2026-03-22T22:00:00+00:00,8285.54,8285.54,8269.59,8272.59,263
2026-03-22T23:00:00+00:00,8272.59,8299.51,8263,8294.49,4597
2026-03-23T00:00:00+00:00,8294.49,8329.49,8278.99,8296,6590
2026-03-23T01:00:00+00:00,8296,8366.49,8296,8359.01,5510
2026-03-23T02:00:00+00:00,8359.01,8396.01,8358.49,8359.5,3940
2026-03-23T03:00:00+00:00,8359.5,8373.5,8348.99,8350.99,3196
2026-03-23T04:00:00+00:00,8350.99,8384.51,8350.99,8373.5,2534
2026-03-23T05:00:00+00:00,8373.5,8384.11,8356.1,8364.9,1447
2026-03-23T06:00:00+00:00,8366.9,8366.9,8326.1,8331.11,884
2026-03-23T07:00:00+00:00,8331.11,8350.61,8313.1,8324.09,4462
2026-03-23T08:00:00+00:00,8324.09,8337.61,8304.59,8315.11,9620
2026-03-23T09:00:00+00:00,8315.11,8336.11,8294.11,8300.11,6439
2026-03-23T10:00:00+00:00,8300.11,8320.09,8289.59,8303.59,5766
2026-03-23T11:00:00+00:00,8303.59,8608.41,8303.59,8478.6,15416
2026-03-23T12:00:00+00:00,8478.6,8554.1,8455.4,8545.09,12063
2026-03-23T13:00:00+00:00,8545.09,8554.59,8488.59,8540.6,10416
2026-03-23T14:00:00+00:00,8540.6,8564.11,8521.59,8559.59,7580
2026-03-23T15:00:00+00:00,8559.59,8579.11,8490.11,8493.1,7149
2026-03-23T16:00:00+00:00,8493.1,8514.6,8469.6,8496.6,8011
2026-03-23T17:00:00+00:00,8496.6,8540.59,8483.09,8527.59,5510
2026-03-23T18:00:00+00:00,8527.59,8546.6,8503.1,8532.11,4239
2026-03-23T19:00:00+00:00,8532.11,8533.1,8507.59,8518.39,2476
2026-03-23T20:00:00+00:00,8518.39,8520.39,8515.39,8516.39,122.34658765326182
2026-03-23T22:00:00+00:00,8516.39,8524.15,8511.14,8511.14,236.10685697024618
2026-03-23T23:00:00+00:00,8511.14,8512.05,8431.54,8438.04,2430
2026-03-24T00:00:00+00:00,8438.04,8447.56,8382.54,8403.56,4026
2026-03-24T01:00:00+00:00,8403.56,8404.56,8373.54,8391.05,2469
2026-03-24T02:00:00+00:00,8391.05,8412.56,8388.04,8391.56,1931
2026-03-24T03:00:00+00:00,8391.56,8402.56,8383.54,8400.56,1608
2026-03-24T04:00:00+00:00,8400.56,8410.06,8384.05,8396.05,1396
2026-03-24T05:00:00+00:00,8396.05,8398.14,8366.14,8367.95,1668
2026-03-24T06:00:00+00:00,8369.95,8419.64,8369.95,8417.15,576
2026-03-24T07:00:00+00:00,8417.15,8456.66,8415.14,8444.15,3253
2026-03-24T08:00:00+00:00,8444.15,8455.16,8406.15,8408.66,7357
2026-03-24T09:00:00+00:00,8408.66,8424.16,8382.14,8418.15,5252
2026-03-24T10:00:00+00:00,8418.15,8426.64,8401.66,8414.65,3947
2026-03-24T11:00:00+00:00,8414.65,8422.64,8383.14,8416.64,4551
2026-03-24T12:00:00+00:00,8416.64,8419.65,8371.15,8377.14,4224
2026-03-24T13:00:00+00:00,8377.14,8393.66,8359.44,8393.66,8466
2026-03-24T14:00:00+00:00,8393.66,8455.16,8391.65,8436.64,11632
2026-03-24T15:00:00+00:00,8436.64,8464.66,8436.14,8436.15,6824
2026-03-24T16:00:00+00:00,8436.15,8459.16,8432.14,8445.15,5692
2026-03-24T17:00:00+00:00,8445.15,8447.16,8407.64,8430.66,7659
2026-03-24T18:00:00+00:00,8430.66,8457.16,8421.16,8437.14,5142
2026-03-24T19:00:00+00:00,8437.14,8453.16,8420.14,8423.44,2375
2026-03-24T20:00:00+00:00,8423.44,8431.44,8422.44,8429.44,356.8820649968415
2026-03-24T22:00:00+00:00,8429.44,8501.13,8428.94,8499.12,290.64333311341295
2026-03-24T23:00:00+00:00,8499.12,8510.53,8476.51,8508.03,3288
2026-03-25T00:00:00+00:00,8508.03,8573.53,8501.51,8568.52,4765
2026-03-25T01:00:00+00:00,8568.52,8573.53,8554.01,8557.03,3278
2026-03-25T02:00:00+00:00,8557.03,8557.52,8536.02,8537.52,2347
2026-03-25T03:00:00+00:00,8537.52,8548.52,8520.51,8537.52,1744
2026-03-25T04:00:00+00:00,8537.52,8547.52,8531.51,8533.02,1382
2026-03-25T05:00:00+00:00,8533.02,8545.13,8525.11,8535.91,1248
2026-03-25T06:00:00+00:00,8528.91,8529.13,8513.12,8522.61,687
2026-03-25T07:00:00+00:00,8522.61,8543.13,8516.11,8540.11,2015
2026-03-25T08:00:00+00:00,8540.11,8579.11,8538.61,8555.61,4949
2026-03-25T09:00:00+00:00,8555.61,8569.62,8540.12,8556.62,3768
2026-03-25T10:00:00+00:00,8556.62,8576.13,8556.62,8569.12,3164
2026-03-25T11:00:00+00:00,8569.12,8589.62,8568.12,8584.62,3025
2026-03-25T12:00:00+00:00,8584.62,8597.13,8535.61,8558.13,5652
2026-03-25T13:00:00+00:00,8558.13,8574.13,8532.61,8534.11,8151
2026-03-25T14:00:00+00:00,8534.11,8570.63,8526.61,8559.12,8709
2026-03-25T15:00:00+00:00,8559.12,8561.61,8511.11,8545.61,7217
2026-03-25T16:00:00+00:00,8545.61,8564.12,8532.11,8558.12,6097
2026-03-25T17:00:00+00:00,8558.12,8575.12,8551.61,8557.11,4045
2026-03-25T18:00:00+00:00,8557.11,8562.62,8537.61,8549.13,1968
2026-03-25T19:00:00+00:00,8549.13,8555.63,8541.61,8551.93,2318
2026-03-25T20:00:00+00:00,8551.93,8555.93,8547.93,8551.93,833.514117083825
2026-03-25T22:00:00+00:00,8551.93,8551.93,8522.58,8533.08,229.2946334619432
2026-03-25T23:00:00+00:00,8533.08,8553,8515.98,8534.48,2228
2026-03-26T00:00:00+00:00,8534.48,8552.5,8530.48,8536.5,2065
2026-03-26T01:00:00+00:00,8536.5,8541,8522.98,8526,2195
2026-03-26T02:00:00+00:00,8526,8529.5,8496.98,8508.5,2152
2026-03-26T03:00:00+00:00,8508.5,8526,8502.49,8516.98,1474
2026-03-26T04:00:00+00:00,8516.98,8524,8513.98,8515.98,1173
2026-03-26T05:00:00+00:00,8515.98,8520.6,8504.08,8514.9,838
2026-03-26T06:00:00+00:00,8515.9,8525.58,8500.58,8518.6,532.7703180212014
2026-03-26T07:00:00+00:00,8518.6,8522.1,8496.58,8510.09,1597
2026-03-26T08:00:00+00:00,8510.09,8521.58,8485.59,8498.09,4122
2026-03-26T09:00:00+00:00,8498.09,8500.6,8465.58,8475.09,4189
2026-03-26T10:00:00+00:00,8475.09,8497.6,8467.6,8482.1,2980
2026-03-26T11:00:00+00:00,8482.1,8486.58,8454.59,8455.1,3052
2026-03-26T12:00:00+00:00,8455.1,8480.08,8447.59,8471.58,3261
2026-03-26T13:00:00+00:00,8471.58,8509.1,8466.08,8504.58,7317
2026-03-26T14:00:00+00:00,8504.58,8521.6,8475.09,8491.1,7927
2026-03-26T15:00:00+00:00,8491.1,8496.09,8471.58,8475.1,6408
2026-03-26T16:00:00+00:00,8475.1,8484.59,8451.08,8457.08,4899
2026-03-26T17:00:00+00:00,8457.08,8464.59,8428.58,8430.59,2861
2026-03-26T18:00:00+00:00,8430.59,8457.59,8430.59,8453.08,2318
2026-03-26T19:00:00+00:00,8453.08,8454.59,8419.08,8425.39,2127
2026-03-26T20:00:00+00:00,8425.39,8499.39,8419.39,8432.39,2953.5616175815558
2026-03-26T22:00:00+00:00,8432.39,8473.78,8432.39,8466.28,262.76297786720323
2026-03-26T23:00:00+00:00,8466.28,8522.19,8466.28,8508.68,1887
2026-03-27T00:00:00+00:00,8508.68,8520.19,8457.69,8469.69,4020
2026-03-27T01:00:00+00:00,8469.69,8492.2,8462.19,8491.18,1937
2026-03-27T02:00:00+00:00,8491.18,8505.2,8487.68,8493.7,1329
2026-03-27T03:00:00+00:00,8493.7,8503.18,8483.7,8501.7,1314
2026-03-27T04:00:00+00:00,8501.7,8514.2,8498.69,8512.19,736
2026-03-27T05:00:00+00:00,8512.19,8526.8,8509.78,8513.08,831
2026-03-27T06:00:00+00:00,8505.58,8507.78,8485.78,8487.3,600
2026-03-27T07:00:00+00:00,8487.3,8491.3,8475.78,8480.28,1398
2026-03-27T08:00:00+00:00,8480.28,8486.8,8426.78,8427.29,4229
2026-03-27T09:00:00+00:00,8427.29,8437.8,8411.79,8417.3,3781
2026-03-27T10:00:00+00:00,8417.3,8428.8,8392.28,8394.29,3117
2026-03-27T11:00:00+00:00,8394.29,8417.78,8382.78,8409.8,3142
2026-03-27T12:00:00+00:00,8409.8,8414.3,8397.28,8406.8,3326
2026-03-27T13:00:00+00:00,8406.8,8420.3,8388.78,8395.29,7121
2026-03-27T14:00:00+00:00,8395.29,8434.3,8392.79,8433.28,8098
2026-03-27T15:00:00+00:00,8433.28,8466.3,8428.78,8438.78,6183
2026-03-27T16:00:00+00:00,8438.78,8453.28,8429.79,8445.78,3572
2026-03-27T17:00:00+00:00,8445.78,8456.3,8428.79,8429.29,3171
2026-03-27T18:00:00+00:00,8429.29,8441.79,8421.28,8435.3,2511
2026-03-27T19:00:00+00:00,8435.3,8443.8,8418.78,8437.59,2451
2026-03-27T20:00:00+00:00,8437.59,8442.59,8411.59,8413.59,1280.439819881101
2026-03-29T22:00:00+00:00,8413.59,8413.59,8381.23,8402.21,470
2026-03-29T23:00:00+00:00,8402.21,8427.13,8357.11,8371.63,4582
2026-03-30T00:00:00+00:00,8371.63,8402.13,8350.11,8372.63,7401
2026-03-30T01:00:00+00:00,8372.63,8396.61,8364.63,8389.63,3882
2026-03-30T02:00:00+00:00,8389.63,8409.12,8370.11,8401.61,2503
2026-03-30T03:00:00+00:00,8401.61,8428.13,8401.12,8415.13,1841
2026-03-30T04:00:00+00:00,8415.13,8432.61,8412.11,8422.12,1446
2026-03-30T05:00:00+00:00,8422.12,8437.73,8419.71,8420.03,1252
2026-03-30T06:00:00+00:00,8444.03,8471.71,8444.03,8466.21,753
2026-03-30T07:00:00+00:00,8466.21,8484.73,8457.71,8483.21,1855
2026-03-30T08:00:00+00:00,8483.21,8500.71,8474.23,8499.72,1779
2026-03-30T09:00:00+00:00,8499.72,8500.22,8469.71,8474.72,1777
2026-03-30T10:00:00+00:00,8474.72,8482.73,8470.21,8482.21,1665
2026-03-30T11:00:00+00:00,8482.21,8530.72,8481.73,8496.22,3425.8195069281987
2026-03-30T12:00:00+00:00,8496.22,8513.22,8489.21,8512.22,1710
2026-03-30T13:00:00+00:00,8512.22,8519.22,8477.199999999999,8483.199999999999,4153
2026-03-30T14:00:00+00:00,8483.199999999999,8514.199999999999,8482.21,8513.699999999999,6084
2026-03-30T15:00:00+00:00,8513.699999999999,8533.72,8497.699999999999,8521.71,3659
2026-03-30T16:00:00+00:00,8521.71,8523.72,8489.199999999999,8492.71,3649
2026-03-30T17:00:00+00:00,8492.71,8496.72,8459.22,8466.199999999999,3265
2026-03-30T18:00:00+00:00,8466.199999999999,8472.71,8446.22,8449.699999999999,2023
2026-03-30T19:00:00+00:00,8449.699999999999,8459.51,8428.199999999999,8459.51,2469
2026-03-30T20:00:00+00:00,8459.51,8459.51,8452.310000000001,8453.310000000001,115.88070342247637
2026-03-30T22:00:00+00:00,8453.310000000001,8454.45,8448.43,8449.93,187.09636724681695
2026-03-30T23:00:00+00:00,8449.93,8450.85,8420.830000000002,8439.34,2291
2026-03-31T00:00:00+00:00,8439.34,8485.330000000002,8399.830000000002,8479.84,7432
2026-03-31T01:00:00+00:00,8479.84,8535.84,8454.330000000002,8528.85,6562
2026-03-31T02:00:00+00:00,8528.85,8534.85,8510.34,8525.34,3101
2026-03-31T03:00:00+00:00,8525.34,8538.34,8512.85,8515.34,2150
2026-03-31T04:00:00+00:00,8515.34,8519.84,8484.35,8485.830000000002,1881
2026-03-31T05:00:00+00:00,8485.830000000002,8487.44,8448.44,8462.75,1491
2026-03-31T06:00:00+00:00,8469.46,8479.64,8460.45,8470.65,1079
2026-03-31T07:00:00+00:00,8470.65,8512.14,8457.66,8512.14,3157
2026-03-31T08:00:00+00:00,8512.14,8515.16,8486.64,8491.65,3063
2026-03-31T09:00:00+00:00,8491.65,8503.66,8487.14,8495.15,2380
2026-03-31T10:00:00+00:00,8495.15,8505.64,8464.14,8481.15,2247
2026-03-31T11:00:00+00:00,8481.15,8519.64,8476.64,8508.64,4860
2026-03-31T12:00:00+00:00,8508.64,8519.66,8487.64,8501.64,3623
2026-03-31T13:00:00+00:00,8501.64,8536.15,8495.14,8533.44,3626
2026-03-31T14:00:00+00:00,8533.44,8552.64,8493.46,8506.66,4178
2026-03-31T15:00:00+00:00,8506.66,8544.65,8502.64,8511.66,4552
2026-03-31T16:00:00+00:00,8511.66,8602.14,8508.64,8566.66,8890
2026-03-31T17:00:00+00:00,8566.66,8581.66,8556.14,8565.65,7070
2026-03-31T18:00:00+00:00,8565.65,8583.66,8564.65,8573.16,3053
2026-03-31T19:00:00+00:00,8573.16,8600.44,8568.15,8600.44,2531
2026-03-31T20:00:00+00:00,8600.44,8605.44,8593.44,8604.44,953.9193716269177
2026-03-31T22:00:00+00:00,8604.44,8607.65,8586.63,8606.63,221.13738420474172
2026-03-31T23:00:00+00:00,8606.63,8630.05,8602.53,8626.04,2854
2026-04-01T00:00:00+00:00,8626.04,8634.55,8607.53,8622.04,2600
2026-04-01T01:00:00+00:00,8622.04,8623.05,8599.04,8612.05,2563
2026-04-01T02:00:00+00:00,8612.05,8629.05,8608.05,8613.05,1045
2026-04-01T03:00:00+00:00,8613.05,8642.05,8612.03,8642.05,748
2026-04-01T04:00:00+00:00,8642.05,8649.03,8637.03,8647.04,666
2026-04-01T05:00:00+00:00,8647.04,8680.14,8645.64,8669.13,979
2026-04-01T06:00:00+00:00,8665.13,8708.13,8657.13,8699.15,815
2026-04-01T07:00:00+00:00,8699.15,8705.14,8663.64,8665.13,1828
2026-04-01T08:00:00+00:00,8665.13,8685.65,8652.63,8681.63,3039
2026-04-01T09:00:00+00:00,8681.63,8687.15,8651.65,8670.65,2475
2026-04-01T10:00:00+00:00,8670.65,8693.65,8661.63,8691.15,2238
2026-04-01T11:00:00+00:00,8691.15,8703.65,8689.63,8698.13,1544
2026-04-01T12:00:00+00:00,8698.13,8711.14,8659.14,8663.65,3444
2026-04-01T13:00:00+00:00,8663.65,8689.64,8656.13,8681.95,4974
2026-04-01T14:00:00+00:00,8681.95,8702.65,8661.95,8697.15,6082
2026-04-01T15:00:00+00:00,8697.15,8711.65,8684.63,8708.15,2585
2026-04-01T16:00:00+00:00,8708.15,8710.65,8691.63,8701.63,1429
2026-04-01T17:00:00+00:00,8701.63,8709.64,8690.63,8691.14,954
2026-04-01T18:00:00+00:00,8691.14,8692.15,8657.65,8664.64,2998
2026-04-01T19:00:00+00:00,8664.64,8686.93,8662.65,8686.93,1853
2026-04-01T20:00:00+00:00,8686.93,8690.730000000001,8680.730000000001,8688.730000000001,789.117158540527
2026-04-01T22:00:00+00:00,8688.730000000001,8688.730000000001,8661.980000000001,8683.480000000001,347.1606029106029
2026-04-01T23:00:00+00:00,8683.480000000001,8705.390000000001,8678.400000000001,8703.900000000001,1456
2026-04-02T00:00:00+00:00,8703.900000000001,8714.900000000001,8691.890000000001,8707.880000000001,2660
2026-04-02T01:00:00+00:00,8707.880000000001,8707.900000000001,8606.380000000001,8617.890000000001,15356
2026-04-02T02:00:00+00:00,8617.890000000001,8619.900000000001,8577.880000000001,8584.890000000001,4878
2026-04-02T03:00:00+00:00,8584.890000000001,8584.890000000001,8555.880000000001,8557.900000000001,2716
2026-04-02T04:00:00+00:00,8557.900000000001,8571.380000000001,8552.380000000001,8558.380000000001,1591
2026-04-02T05:00:00+00:00,8558.380000000001,8576.990000000002,8555.490000000002,8566.28,1387
2026-04-02T06:00:00+00:00,8565.48,8571.2,8549,8571.2,846.5243277848912
2026-04-02T07:00:00+00:00,8571.2,8598.19,8570.18,8597.19,1193.9298245614036
2026-04-02T08:00:00+00:00,8597.19,8606.210000000001,8590.7,8599.7,1600
2026-04-02T09:00:00+00:00,8599.7,8602.210000000001,8586.69,8596.210000000001,1187
2026-04-02T10:00:00+00:00,8596.210000000001,8600.2,8574.19,8580.710000000001,1617
2026-04-02T11:00:00+00:00,8580.710000000001,8588.2,8562.69,8565.210000000001,1746
2026-04-02T12:00:00+00:00,8565.210000000001,8581.710000000001,8555.69,8569.210000000001,1627
2026-04-06T23:00:00+00:00,8569.7,8689.57,8569.7,8678.06,494
2026-04-07T00:00:00+00:00,8678.06,8808.95,8678.06,8773.47,3414
2026-04-07T01:00:00+00:00,8773.47,8787.96,8691.95,8695.46,3225
2026-04-07T02:00:00+00:00,8695.46,8713.46,8686.45,8703.96,1918
2026-04-07T03:00:00+00:00,8703.96,8703.97,8683.95,8690.97,1174
2026-04-07T04:00:00+00:00,8690.97,8712.97,8688.95,8706.47,1169
2026-04-07T05:00:00+00:00,8706.47,8714.95,8695.95,8711.45,1507.5478260869565
2026-04-07T06:00:00+00:00,8711.45,8725.56,8708.55,8723.37,1068
2026-04-07T07:00:00+00:00,8724.37,8725.56,8695.55,8714.06,1782
2026-04-07T08:00:00+00:00,8714.06,8770.56,8713.56,8766.55,5104
2026-04-07T09:00:00+00:00,8766.55,8781.57,8760.06,8767.07,2766
2026-04-07T10:00:00+00:00,8767.07,8770.07,8704.05,8708.57,5202
2026-04-07T11:00:00+00:00,8708.57,8730.07,8706.55,8717.07,3063
2026-04-07T12:00:00+00:00,8717.07,8736.57,8704.07,8717.07,4257
2026-04-07T13:00:00+00:00,8717.07,8730.55,8689.05,8693.06,4978
2026-04-07T14:00:00+00:00,8693.06,8716.56,8669.56,8684.07,6157
2026-04-07T15:00:00+00:00,8684.07,8687.56,8663.55,8676.57,5847
2026-04-07T16:00:00+00:00,8676.57,8706.57,8676.55,8696.55,4600
2026-04-07T17:00:00+00:00,8696.55,8721.06,8679.55,8709.55,3150
2026-04-07T18:00:00+00:00,8709.55,8716.56,8684.05,8689.06,2130
2026-04-07T19:00:00+00:00,8689.06,8746.55,8685.55,8730.07,8441
2026-04-07T20:00:00+00:00,8730.07,8748.05,8722.07,8744.37,1463
2026-04-07T23:00:00+00:00,8832.91,9129.3,8811.91,9117.32,6241.02475305225
2026-04-08T00:00:00+00:00,9117.32,9140.21,9070.199999999999,9094.22,7799
2026-04-08T01:00:00+00:00,9094.22,9106.71,9071.699999999999,9083.199999999999,2344
2026-04-08T02:00:00+00:00,9083.199999999999,9112.199999999999,9076.699999999999,9109.22,1381
2026-04-08T03:00:00+00:00,9109.22,9113.72,9087.72,9092.699999999999,917
2026-04-08T04:00:00+00:00,9092.699999999999,9109.72,9092.22,9099.22,920
2026-04-08T05:00:00+00:00,9099.22,9106.71,9088.21,9094.199999999999,1453
2026-04-08T06:00:00+00:00,9094.199999999999,9109.82,9080.32,9093.599999999999,1982
2026-04-08T07:00:00+00:00,8951.06,8954.28,8924.76,8925.28,1891
2026-04-08T08:00:00+00:00,8925.28,8953.28,8923.76,8952.27,3079
2026-04-08T09:00:00+00:00,8952.27,8973.78,8945.27,8958.76,2158
2026-04-08T10:00:00+00:00,8958.76,8976.28,8954.76,8971.28,1986
2026-04-08T11:00:00+00:00,8971.28,8986.28,8958.78,8977.27,2154
2026-04-08T12:00:00+00:00,8977.27,8986.28,8948.76,8965.77,3625
2026-04-08T13:00:00+00:00,8965.77,8969.76,8915.76,8923.28,5747
2026-04-08T14:00:00+00:00,8923.28,8942.26,8897.26,8907.27,7051
2026-04-08T15:00:00+00:00,8907.27,8928.26,8894.26,8925.26,4016
2026-04-08T16:00:00+00:00,8925.26,8934.28,8912.76,8923.27,1769
2026-04-08T17:00:00+00:00,8923.27,8926.28,8911.26,8921.77,1676
2026-04-08T18:00:00+00:00,8921.77,8929.28,8892.76,8894.26,3158
2026-04-08T19:00:00+00:00,8894.26,8941.27,8892.26,8936.77,2429
2026-04-08T20:00:00+00:00,8936.77,8948.07,8924.77,8948.07,377.61713872062836
2026-04-08T23:00:00+00:00,8922.31,8932.45,8866.920000000002,8876.400000000001,1518.8283409870528
2026-04-09T00:00:00+00:00,8876.400000000001,8919.320000000002,8869.810000000001,8911.310000000001,2819
2026-04-09T01:00:00+00:00,8911.310000000001,8925.320000000002,8905.800000000001,8923.310000000001,1689
2026-04-09T02:00:00+00:00,8923.310000000001,8934.320000000002,8915.300000000001,8921.320000000002,850
2026-04-09T03:00:00+00:00,8921.320000000002,8924.320000000002,8916.300000000001,8918.310000000001,659
2026-04-09T04:00:00+00:00,8918.310000000001,8923.320000000002,8906.300000000001,8919.820000000002,654
2026-04-09T05:00:00+00:00,8919.820000000002,8932.320000000002,8914.800000000001,8929.300000000001,698
2026-04-09T06:00:00+00:00,8929.300000000001,8946.900000000001,8928.400000000001,8941.710000000001,726
2026-04-09T07:00:00+00:00,8964.33,8969.54,8937.52,8949.52,1389
2026-04-09T08:00:00+00:00,8949.52,8956.52,8940.52,8947.52,1864
2026-04-09T09:00:00+00:00,8947.52,8956.54,8942.02,8952.04,1241
2026-04-09T10:00:00+00:00,8952.04,8957.54,8934.02,8935.02,1806
2026-04-09T11:00:00+00:00,8935.02,8953.54,8925.02,8951.53,1486
2026-04-09T12:00:00+00:00,8951.53,8956.54,8937.03,8942.54,1800
2026-04-09T13:00:00+00:00,8942.54,8964.54,8937.03,8941.54,3090
2026-04-09T14:00:00+00:00,8941.54,8943.53,8913.04,8936.53,3267
2026-04-09T15:00:00+00:00,8936.53,8979.54,8928.52,8976.54,4904
2026-04-09T16:00:00+00:00,8976.54,8990.54,8969.53,8979.52,2304
2026-04-09T17:00:00+00:00,8979.52,8991.02,8975.02,8984.54,1327
2026-04-09T18:00:00+00:00,8984.54,8984.54,8960.53,8967.03,2246
2026-04-09T19:00:00+00:00,8967.03,8982.53,8954.03,8958.03,1503
2026-04-09T20:00:00+00:00,8958.03,8963.52,8952.83,8961.34,286.14347786373656
2026-04-09T23:00:00+00:00,8943.41,8973.41,8917.39,8927.89,1621.5849813350246
2026-04-10T00:00:00+00:00,8927.89,8949.31,8904.789999999999,8948.3,2746
2026-04-10T01:00:00+00:00,8948.3,8953.81,8929.789999999999,8936.3,943
2026-04-10T02:00:00+00:00,8936.3,8944.289999999999,8925.289999999999,8942.289999999999,821
2026-04-10T03:00:00+00:00,8942.289999999999,8949.789999999999,8935.8,8939.3,438.74166671073715
2026-04-10T04:00:00+00:00,8939.3,8949.31,8937.3,8945.81,362.2166675142514
2026-04-10T05:00:00+00:00,8945.81,8957.31,8944.289999999999,8953.8,439.51487629490794
2026-04-10T06:00:00+00:00,8953.8,8957.41,8948.39,8954.19,578
2026-04-10T07:00:00+00:00,8947.62,8978.34,8947.62,8977.84,880
2026-04-10T08:00:00+00:00,8977.84,8983.82,8965.33,8970.82,1198
2026-04-10T09:00:00+00:00,8970.82,9008.82,8970.82,9005.84,2052
2026-04-10T10:00:00+00:00,9005.84,9022.84,8999.32,9016.82,1326
2026-04-10T11:00:00+00:00,9016.82,9028.84,9013.82,9021.32,1103
2026-04-10T12:00:00+00:00,9021.32,9054.64,9016.63,9025.82,1820
2026-04-10T13:00:00+00:00,9025.82,9030.83,8999.32,9015.34,2889
2026-04-10T14:00:00+00:00,9015.34,9027.84,9000.82,9008.83,2796
2026-04-10T15:00:00+00:00,9008.83,9017.34,8980.35,8982.34,2750.207740009187
2026-04-10T16:00:00+00:00,8982.34,8991.85,8976.34,8989.36,1987
2026-04-10T17:00:00+00:00,8989.36,8990.36,8976.84,8989.36,1422
2026-04-10T18:00:00+00:00,8989.36,8996.36,8981.85,8993.85,983
2026-04-10T19:00:00+00:00,8993.85,8997.36,8984.84,8992.36,862.375366568915
2026-04-10T20:00:00+00:00,8992.36,9003.84,8990.84,9003.84,176.75473263571405
2026-04-12T23:00:00+00:00,9003.32,9003.32,8899.04,8910.52,299
2026-04-13T00:00:00+00:00,8910.52,8931.94,8887.92,8922.43,2237
2026-04-13T01:00:00+00:00,8922.43,8933.93,8909.92,8923.44,1290
2026-04-13T02:00:00+00:00,8923.44,8923.44,8904.92,8914.42,679.4317955526053
2026-04-13T03:00:00+00:00,8914.42,8914.93,8901.44,8901.44,577.0844686648502
2026-04-13T04:00:00+00:00,8901.44,8916.94,8897.92,8914.43,599
2026-04-13T05:00:00+00:00,8914.43,8915.93,8905.92,8910.92,684.2120262786195
2026-04-13T06:00:00+00:00,8910.92,8920.52,8907.52,8916.84,715
2026-04-13T07:00:00+00:00,8914.84,8952.54,8914.84,8951.54,943
2026-04-13T08:00:00+00:00,8951.54,8961.54,8940.52,8947.02,1591
2026-04-13T09:00:00+00:00,8947.02,8956.53,8944.53,8948.02,1135
2026-04-13T10:00:00+00:00,8948.02,8955.53,8943.52,8955.53,895
2026-04-13T11:00:00+00:00,8955.53,8963.53,8931.52,8932.52,1763
2026-04-13T12:00:00+00:00,8932.52,8959.53,8927.53,8956.54,1512
2026-04-13T13:00:00+00:00,8956.54,9012.02,8956.52,9001.53,3159
2026-04-13T14:00:00+00:00,9001.53,9009.54,8989.53,9007.02,3577
2026-04-13T15:00:00+00:00,9007.02,9007.02,8985.52,8996.53,2664
2026-04-13T16:00:00+00:00,8996.53,9036.03,8992.52,9025.54,3740
2026-04-13T17:00:00+00:00,9025.54,9031.54,9021.52,9022.04,1194
2026-04-13T18:00:00+00:00,9022.04,9034.52,9021.52,9031.53,845.3960587326121
2026-04-13T19:00:00+00:00,9031.53,9043.03,9028.02,9036.53,1015
2026-04-13T20:00:00+00:00,9036.53,9038.84,9032.82,9032.82,347
2026-04-13T23:00:00+00:00,9038.51,9043.51,9008.4,9008.91,942.4680407143488
2026-04-14T00:00:00+00:00,9008.91,9010.32,8937.800000000001,8943.300000000001,2736
2026-04-14T01:00:00+00:00,8943.300000000001,8975.300000000001,8934.300000000001,8974.800000000001,1204
2026-04-14T02:00:00+00:00,8974.800000000001,8980.82,8958.300000000001,8962.32,717
2026-04-14T03:00:00+00:00,8962.32,8962.82,8936.810000000001,8950.32,747
2026-04-14T04:00:00+00:00,8950.32,8967.32,8947.800000000001,8966.300000000001,527
2026-04-14T05:00:00+00:00,8966.300000000001,8972.310000000001,8958.300000000001,8965.310000000001,573.4935567010309
2026-04-14T06:00:00+00:00,8965.310000000001,8965.310000000001,8948.4,8958.720000000001,533
2026-04-14T07:00:00+00:00,8970.03,8999.73,8970.03,8987.21,1373
2026-04-14T08:00:00+00:00,8987.21,8992.23,8975.71,8981.73,1527
2026-04-14T09:00:00+00:00,8981.73,8984.73,8960.71,8965.21,978
2026-04-14T10:00:00+00:00,8965.21,8968.21,8945.21,8956.22,973
2026-04-14T11:00:00+00:00,8956.22,8986.22,8946.72,8978.71,1278
2026-04-14T12:00:00+00:00,8978.71,8987.23,8963.71,8974.73,1465
2026-04-14T13:00:00+00:00,8974.73,8986.73,8963.21,8983.73,2238
2026-04-14T14:00:00+00:00,8983.73,8995.73,8977.71,8994.72,2015
2026-04-14T15:00:00+00:00,8994.72,9004.73,8987.21,9002.23,1769
2026-04-14T16:00:00+00:00,9002.23,9004.73,8994.21,8995.21,683
2026-04-14T17:00:00+00:00,8995.21,9009.73,8995.21,9005.71,609.7783902976846
2026-04-14T18:00:00+00:00,9005.71,9015.72,9003.23,9012.71,779.3388704318936
2026-04-14T19:00:00+00:00,9012.71,9024.73,9009.71,9015.73,722
2026-04-14T20:00:00+00:00,9015.73,9019.21,9014.71,9018.03,187.40961295380725
2026-04-14T23:00:00+00:00,9013.51,9035.51,9011.51,9021.359999999999,822.8619773735705
2026-04-15T00:00:00+00:00,9021.359999999999,9023.27,8992.26,8996.75,1394
2026-04-15T01:00:00+00:00,8996.75,9002.76,8986.75,8995.25,656
2026-04-15T02:00:00+00:00,8995.25,8999.76,8986.26,8992.25,453
2026-04-15T03:00:00+00:00,8992.25,8992.27,8982.25,8987.26,520.4530587522713
2026-04-15T04:00:00+00:00,8987.26,8996.27,8986.26,8989.26,399
2026-04-15T05:00:00+00:00,8989.26,8996.77,8979.25,8987.77,949
2026-04-15T06:00:00+00:00,8987.77,8999.869999999999,8980.85,8999.15,643
2026-04-15T07:00:00+00:00,8987.67,8993.39,8981.39,8982.88,705
2026-04-15T08:00:00+00:00,8982.88,8995.39,8978.38,8994.39,829.672435105068
2026-04-15T09:00:00+00:00,8994.39,8997.39,8975.88,8979.89,1464
2026-04-15T10:00:00+00:00,8979.89,8991.38,8970.38,8987.37,1824
2026-04-15T11:00:00+00:00,8987.37,9008.67,8984.87,8998.39,1232
2026-04-15T12:00:00+00:00,8998.39,8998.88,8976.37,8987.39,1012
2026-04-15T13:00:00+00:00,8987.39,8998.39,8980.38,8997.38,2031
2026-04-15T14:00:00+00:00,8997.38,8999.39,8980.37,8986.87,1820
2026-04-15T15:00:00+00:00,8986.87,8987.69,8969.38,8973.39,1717
2026-04-15T16:00:00+00:00,8973.39,8985.39,8970.39,8978.37,1205
2026-04-15T17:00:00+00:00,8978.37,8986.39,8977.37,8978.37,705
2026-04-15T18:00:00+00:00,8978.37,8989.39,8973.87,8988.37,990
2026-04-15T19:00:00+00:00,8988.37,8993.38,8981.37,8985.39,768
2026-04-15T20:00:00+00:00,8985.39,8989.380000000001,8982.39,8986.660000000002,275.2706211617682
2026-04-15T23:00:00+00:00,8996.51,9020.09,8990.41,9011.57,612.402896904975
2026-04-16T00:00:00+00:00,9011.57,9021.97,8972.47,8972.98,1625
2026-04-16T01:00:00+00:00,8972.98,8988.48,8962.47,8965.47,964
2026-04-16T02:00:00+00:00,8965.47,8972.49,8960.47,8970.48,657
2026-04-16T03:00:00+00:00,8970.48,8976.49,8954.47,8954.49,651
2026-04-16T04:00:00+00:00,8954.49,8961.48,8948.48,8952.47,582
2026-04-16T05:00:00+00:00,8952.47,8959.99,8945.48,8959.49,552
2026-04-16T06:00:00+00:00,8959.49,8967.08,8954.08,8963.39,630
2026-04-16T07:00:00+00:00,8950.65,8956.85,8945.63,8947.84,544
2026-04-16T08:00:00+00:00,8947.84,8947.84,8925.33,8928.83,926
2026-04-16T09:00:00+00:00,8928.83,8934.34,8924.33,8925.33,508
2026-04-16T10:00:00+00:00,8925.33,8941.35,8925.33,8940.33,522
2026-04-16T11:00:00+00:00,8940.33,8942.85,8932.34,8940.85,610.9927302100161
2026-04-16T12:00:00+00:00,8940.85,8943.35,8934.83,8940.35,747
2026-04-16T13:00:00+00:00,8940.35,8957.83,8918.83,8935.33,2367.6215738284704
2026-04-16T14:00:00+00:00,8935.33,8939.85,8910.85,8922.34,3370
2026-04-16T15:00:00+00:00,8922.34,8937.35,8910.33,8922.33,2566
2026-04-16T16:00:00+00:00,8922.33,8927.35,8907.33,8913.33,1750
2026-04-16T17:00:00+00:00,8913.33,8920.35,8905.33,8918.34,1454
2026-04-16T18:00:00+00:00,8918.34,8926.35,8916.33,8925.35,1211
2026-04-16T19:00:00+00:00,8925.35,8936.35,8925.33,8933.34,821
2026-04-16T20:00:00+00:00,8933.34,8941.13,8928.33,8941.13,241.17176583974666
2026-04-16T23:00:00+00:00,8943.55,8947.84,8927.85,8932.35,700.2548237106182
2026-04-17T00:00:00+00:00,8932.35,8944.25,8899.73,8917.74,2329
2026-04-17T01:00:00+00:00,8917.74,8925.25,8896.74,8924.24,1014
2026-04-17T02:00:00+00:00,8924.24,8931.25,8914.24,8921.24,666
2026-04-17T03:00:00+00:00,8921.24,8929.75,8916.73,8926.74,431
2026-04-17T04:00:00+00:00,8926.74,8934.75,8923.74,8932.74,348.0997952917093
2026-04-17T05:00:00+00:00,8932.74,8936.25,8928.23,8934.24,391.30352303523034
2026-04-17T06:00:00+00:00,8934.24,8944.64,8930.35,8943.64,612
2026-04-17T07:00:00+00:00,8942.72,8956.93,8934.42,8955.41,479
2026-04-17T08:00:00+00:00,8955.41,8963.43,8950.91,8962.92,630
2026-04-17T09:00:00+00:00,8962.92,8971.93,8956.42,8969.41,625
2026-04-17T10:00:00+00:00,8969.41,8969.41,8957.41,8960.43,542.7359855334539
2026-04-17T11:00:00+00:00,8960.43,8964.93,8950.41,8957.43,644.3656716417911
2026-04-17T12:00:00+00:00,8957.43,9027.43,8955.92,9021.43,3805
2026-04-17T13:00:00+00:00,9021.43,9045.43,9001.41,9023.43,6445
2026-04-17T14:00:00+00:00,9023.43,9049.43,9017.42,9033.41,3529
2026-04-17T15:00:00+00:00,9033.41,9036.91,9016.91,9023.42,3303
2026-04-17T16:00:00+00:00,9023.42,9032.91,9019.41,9027.92,1291.705900601849
2026-04-17T17:00:00+00:00,9027.92,9029.92,8999.4,9012.91,2618
2026-04-17T18:00:00+00:00,9012.91,9015.92,9003.4,9006.9,1561
2026-04-17T19:00:00+00:00,9006.9,9020.92,9004.9,9017.42,1057
2026-04-17T20:00:00+00:00,9017.42,9020.41,9015.9,9020.199999999999,202.18458742529617
2026-04-19T23:00:00+00:00,9021.71,9021.71,8930.88,8932.39,239
2026-04-20T00:00:00+00:00,8932.39,8934.3,8895.78,8922.28,3046
2026-04-20T01:00:00+00:00,8922.28,8953.29,8922.28,8935.78,1284
2026-04-20T02:00:00+00:00,8935.78,8954.8,8932.78,8942.28,501
2026-04-20T03:00:00+00:00,8942.28,8951.29,8939.78,8944.28,468
2026-04-20T04:00:00+00:00,8944.28,8953.29,8941.3,8953.28,359
2026-04-20T05:00:00+00:00,8953.28,8954.29,8935.78,8950.28,623
2026-04-20T06:00:00+00:00,8950.28,8958.4,8940.38,8945.69,737
2026-04-20T07:00:00+00:00,8945.69,8962.4,8937.88,8943.4,1917
2026-04-20T08:00:00+00:00,8943.4,8955.9,8935.38,8953.38,2027
2026-04-20T09:00:00+00:00,8953.38,8970.89,8952.88,8965.9,1200
2026-04-20T10:00:00+00:00,8965.9,8976.9,8957.89,8959.38,968
2026-04-20T11:00:00+00:00,8959.38,8966.4,8949.89,8964.9,1646
2026-04-20T12:00:00+00:00,8964.9,8972.89,8955.88,8958.38,1848
2026-04-20T13:00:00+00:00,8958.38,8989.9,8953.89,8985.9,4166
2026-04-20T14:00:00+00:00,8985.9,8985.9,8940.38,8959.9,4725
2026-04-20T15:00:00+00:00,8959.9,8972.4,8949.88,8963.89,3578
2026-04-20T16:00:00+00:00,8963.89,8964.9,8955.88,8957.4,1393
2026-04-20T17:00:00+00:00,8957.4,8963.4,8952.89,8954.4,1216.920634920635
2026-04-20T18:00:00+00:00,8954.4,8960.9,8948.89,8953.9,1125
2026-04-20T19:00:00+00:00,8953.9,8966.89,8949.88,8966.4,767.7576470588235
2026-04-20T20:00:00+00:00,8966.4,8994.68,8965.38,8991.68,565
2026-04-20T23:00:00+00:00,9000.01,9001.01,8969.67,8970.17,817.2929229553197
2026-04-21T00:00:00+00:00,8970.17,8976.56,8925.56,8927.58,2295
2026-04-21T01:00:00+00:00,8927.58,8943.58,8907.57,8942.57,1348
2026-04-21T02:00:00+00:00,8942.57,8944.58,8929.56,8936.56,806
2026-04-21T03:00:00+00:00,8936.56,8939.58,8921.56,8926.08,502
2026-04-21T04:00:00+00:00,8926.08,8938.58,8924.56,8936.57,438.8168168168168
2026-04-21T05:00:00+00:00,8936.57,8945.57,8934.06,8941.57,547.5786925754284
2026-04-21T06:00:00+00:00,8941.57,8951.18,8937.16,8947.47,767
2026-04-21T07:00:00+00:00,8949.14,8954.84,8936.14,8946.85,1110.3809523809523
2026-04-21T08:00:00+00:00,8946.85,8957.84,8933.83,8949.84,1515
2026-04-21T09:00:00+00:00,8949.84,8967.85,8942.84,8962.83,1035
2026-04-21T10:00:00+00:00,8962.83,8969.84,8957.83,8966.84,918
2026-04-21T11:00:00+00:00,8966.84,8966.84,8951.84,8956.34,1413
2026-04-21T12:00:00+00:00,8956.34,8962.35,8934.83,8937.35,2065
2026-04-21T13:00:00+00:00,8937.35,8944.84,8926.83,8931.85,3226
2026-04-21T14:00:00+00:00,8931.85,8936.85,8876.85,8879.85,3731
2026-04-21T15:00:00+00:00,8879.85,8888.85,8861.83,8879.83,6135
2026-04-21T16:00:00+00:00,8879.83,8891.85,8865.85,8866.85,2966
2026-04-21T17:00:00+00:00,8866.85,8885.84,8846.33,8869.85,4866
2026-04-21T18:00:00+00:00,8869.85,8880.35,8859.83,8874.35,3663
2026-04-21T19:00:00+00:00,8874.35,8891.85,8841.83,8847.84,6248
2026-04-21T20:00:00+00:00,8847.84,8887.84,8843.83,8882.65,2809
2026-04-21T23:00:00+00:00,8881.51,8925.720000000001,8880.51,8924.2,1687.0478348641095
2026-04-22T00:00:00+00:00,8924.2,8927.12,8896.61,8911.12,2267
2026-04-22T01:00:00+00:00,8911.12,8913.1,8882.1,8895.61,971
2026-04-22T02:00:00+00:00,8895.61,8903.12,8885.61,8899.1,704.6930807885582
2026-04-22T03:00:00+00:00,8899.1,8903.62,8883.12,8885.6,512
2026-04-22T04:00:00+00:00,8885.6,8887.1,8867.1,8868.12,632
2026-04-22T05:00:00+00:00,8868.12,8893.12,8864.6,8874.12,1769
2026-04-22T06:00:00+00:00,8874.12,8878.52,8863.2,8878.01,687
2026-04-22T07:00:00+00:00,8851.15,8863.35,8846.34,8847.36,1202
2026-04-22T08:00:00+00:00,8847.36,8849.35,8815.86,8832.84,2195
2026-04-22T09:00:00+00:00,8832.84,8847.86,8829.85,8837.86,1941
2026-04-22T10:00:00+00:00,8837.86,8844.86,8822.84,8843.34,1766
2026-04-22T11:00:00+00:00,8843.34,8843.86,8829.35,8838.84,1662
2026-04-22T12:00:00+00:00,8838.84,8846.36,8816.34,8816.85,2156
2026-04-22T13:00:00+00:00,8816.85,8832.86,8814.84,8825.35,4937
2026-04-22T14:00:00+00:00,8825.35,8829.85,8799.84,8806.36,3826
2026-04-22T15:00:00+00:00,8806.36,8820.86,8794.86,8807.34,3045
2026-04-22T16:00:00+00:00,8807.34,8820.85,8790.86,8796.85,1986
2026-04-22T17:00:00+00:00,8796.85,8818.36,8795.84,8816.85,1836
2026-04-22T18:00:00+00:00,8816.85,8816.86,8805.34,8812.84,1148.3403382880574
2026-04-22T19:00:00+00:00,8812.84,8827.86,8801.86,8825.86,1202.680745341615
2026-04-22T20:00:00+00:00,8825.86,8825.86,8816.35,8824.67,721.0657286179713
2026-04-22T23:00:00+00:00,8824.01,8839.01,8773.94,8798.43,1230.619200752874
2026-04-23T00:00:00+00:00,8798.43,8814.85,8730.33,8803.85,7073
2026-04-23T01:00:00+00:00,8803.85,8803.85,8759.34,8763.84,1852
2026-04-23T02:00:00+00:00,8763.84,8768.85,8749.83,8763.83,1816
2026-04-23T03:00:00+00:00,8763.83,8766.35,8749.83,8754.85,1934
2026-04-23T04:00:00+00:00,8754.85,8765.85,8745.35,8764.85,1027.1718533886583
2026-04-23T05:00:00+00:00,8764.85,8774.35,8759.84,8772.83,871
2026-04-23T06:00:00+00:00,8772.83,8802.43,8771.43,8798.23,737
2026-04-23T07:00:00+00:00,8807.38,8812.58,8798.59,8801.6,1535
2026-04-23T08:00:00+00:00,8801.6,8806.59,8782.58,8784.09,2183
2026-04-23T09:00:00+00:00,8784.09,8790.09,8770.1,8777.58,2274
2026-04-23T10:00:00+00:00,8777.58,8797.59,8764.58,8796.08,1848
2026-04-23T11:00:00+00:00,8796.08,8813.09,8780.08,8809.1,2632
2026-04-23T12:00:00+00:00,8809.1,8831.1,8807.58,8825.59,3375
2026-04-23T13:00:00+00:00,8825.59,8848.6,8818.58,8838.09,3178
2026-04-23T14:00:00+00:00,8838.09,8845.09,8825.59,8842.58,4107
2026-04-23T15:00:00+00:00,8842.58,8846.58,8818.58,8828.09,3437
2026-04-23T16:00:00+00:00,8828.09,8838.08,8822.08,8832.58,2380
2026-04-23T17:00:00+00:00,8832.58,8834.6,8745.58,8792.58,13030
2026-04-23T18:00:00+00:00,8792.58,8818.58,8789.59,8800.1,5273
2026-04-23T19:00:00+00:00,8800.1,8807.6,8784.09,8803.08,3232
2026-04-23T20:00:00+00:00,8803.08,8808.6,8791.89,8791.89,774
2026-04-23T23:00:00+00:00,8812.11,8844.6,8806.11,8826.1,2323.152998966422
2026-04-24T00:00:00+00:00,8826.1,8830.510000000002,8786.500000000002,8793.500000000002,3044
2026-04-24T01:00:00+00:00,8793.500000000002,8804.510000000002,8763.490000000002,8801.490000000002,2147
2026-04-24T02:00:00+00:00,8801.490000000002,8802.010000000002,8775.500000000002,8784.510000000002,1787
2026-04-24T03:00:00+00:00,8784.510000000002,8787.510000000002,8772.990000000002,8773.500000000002,1559
2026-04-24T04:00:00+00:00,8773.500000000002,8805.510000000002,8770.510000000002,8802.990000000002,1047
2026-04-24T05:00:00+00:00,8802.990000000002,8819.510000000002,8796.990000000002,8816.000000000002,1059
2026-04-24T06:00:00+00:00,8816.000000000002,8820.11,8803.6,8805.910000000002,771
2026-04-24T07:00:00+00:00,8776.69,8786.89,8771.89,8782.87,1119
2026-04-24T08:00:00+00:00,8782.87,8785.37,8752.37,8758.39,2703
2026-04-24T09:00:00+00:00,8758.39,8765.39,8751.87,8761.38,2326
2026-04-24T10:00:00+00:00,8761.38,8776.39,8761.38,8773.88,1260
2026-04-24T11:00:00+00:00,8773.88,8827.39,8772.87,8807.39,5820
2026-04-24T12:00:00+00:00,8807.39,8810.89,8764.37,8773.38,3095
2026-04-24T13:00:00+00:00,8773.38,8783.39,8752.87,8760.87,4672
2026-04-24T14:00:00+00:00,8760.87,8771.87,8750.88,8759.87,5677
2026-04-24T15:00:00+00:00,8759.87,8777.38,8743.37,8762.380000000001,4646.026593998293
2026-04-24T16:00:00+00:00,8762.380000000001,8763.4,8746.380000000001,8752.9,2281
2026-04-24T17:00:00+00:00,8752.9,8758.39,8744.880000000001,8751.39,1368
2026-04-24T18:00:00+00:00,8751.39,8752.4,8742.380000000001,8744.4,1009
2026-04-24T19:00:00+00:00,8744.4,8749.9,8739.89,8747.39,955
2026-04-24T20:00:00+00:00,8747.39,8750.9,8740.4,8750.9,335.1685925925926
2026-04-26T23:00:00+00:00,8750.39,8750.39,8736.86,8737.87,176
2026-04-27T00:00:00+00:00,8737.87,8751.27,8725.25,8732.75,2030
2026-04-27T01:00:00+00:00,8732.75,8760.27,8732.75,8760.25,2267
2026-04-27T02:00:00+00:00,8760.25,8769.27,8752.26,8767.27,904
2026-04-27T03:00:00+00:00,8767.27,8774.25,8759.75,8767.26,792
2026-04-27T04:00:00+00:00,8767.26,8776.27,8764.75,8770.76,506.3391089108911
2026-04-27T05:00:00+00:00,8770.76,8771.26,8749.26,8753.27,799.5341812400636
2026-04-27T06:00:00+00:00,8753.27,8760.17,8749.86,8759.15,605
2026-04-27T07:00:00+00:00,8760.15,8763.86,8739.85,8740.85,1297
2026-04-27T08:00:00+00:00,8740.85,8749.37,8730.85,8749.35,1509
2026-04-27T09:00:00+00:00,8749.35,8754.87,8746.85,8753.36,595
2026-04-27T10:00:00+00:00,8753.36,8765.85,8750.35,8760.37,735
2026-04-27T11:00:00+00:00,8760.37,8764.37,8753.35,8757.36,715
2026-04-27T12:00:00+00:00,8757.36,8758.86,8719.87,8722.87,1390
2026-04-27T13:00:00+00:00,8722.87,8738.87,8717.86,8735.87,3153
2026-04-27T14:00:00+00:00,8735.87,8737.86,8704.86,8708.35,2801
2026-04-27T15:00:00+00:00,8708.35,8708.87,8691.85,8702.36,1818
2026-04-27T16:00:00+00:00,8702.36,8706.87,8698.85,8701.37,700
2026-04-27T17:00:00+00:00,8701.37,8707.87,8692.85,8698.86,712.9304812834225
2026-04-27T18:00:00+00:00,8698.86,8703.87,8696.87,8702.37,390.61534196201666
2026-04-27T19:00:00+00:00,8702.37,8714.87,8701.86,8706.87,503
2026-04-27T20:00:00+00:00,8706.87,8707.37,8697.17,8697.17,173
2026-04-27T23:00:00+00:00,8714.33,8717.61,8700.33,8716.619999999999,612.3869548716395
2026-04-28T00:00:00+00:00,8716.619999999999,8724.01,8691,8710.51,1665
2026-04-28T01:00:00+00:00,8710.51,8733.52,8703,8714.02,1079
2026-04-28T02:00:00+00:00,8714.02,8726.52,8710.51,8710.51,720.229656932237
2026-04-28T03:00:00+00:00,8710.51,8721.02,8707.51,8715.52,497.75254833040424
2026-04-28T04:00:00+00:00,8715.52,8717.52,8708,8713.51,445.811623246493
2026-04-28T05:00:00+00:00,8713.51,8715.02,8698,8707.5,757
2026-04-28T06:00:00+00:00,8707.5,8713.92,8703.6,8713.92,617
2026-04-28T07:00:00+00:00,8711.76,8716.96,8695.95,8715.46,1233
2026-04-28T08:00:00+00:00,8715.46,8728.45,8696.44,8728.45,2101
2026-04-28T09:00:00+00:00,8728.45,8730.96,8707.94,8708.95,1516
2026-04-28T10:00:00+00:00,8708.95,8719.46,8704.94,8717.95,1363
2026-04-28T11:00:00+00:00,8717.95,8722.96,8669.45,8674.94,2333
2026-04-28T12:00:00+00:00,8674.94,8700.95,8659.95,8696.94,3509
2026-04-28T13:00:00+00:00,8696.94,8705.96,8681.94,8685.26,4423
2026-04-28T14:00:00+00:00,8685.26,8685.96,8655.94,8677.45,4406
2026-04-28T15:00:00+00:00,8677.45,8687.96,8671.96,8677.95,3118
2026-04-28T16:00:00+00:00,8677.95,8682.46,8671.44,8676.95,1625
2026-04-28T17:00:00+00:00,8676.95,8683.95,8667.94,8681.45,918
2026-04-28T18:00:00+00:00,8681.45,8681.96,8672.44,8675.94,921
2026-04-28T19:00:00+00:00,8675.94,8682.95,8670.95,8677.46,744
2026-04-28T20:00:00+00:00,8677.46,8681.45,8671.75,8671.75,265
2026-04-28T23:00:00+00:00,8678.43,8689.85,8677.43,8687.84,457.3334994841473
2026-04-29T00:00:00+00:00,8687.84,8699.73,8668.73,8683.73,1617
2026-04-29T01:00:00+00:00,8683.73,8717.23,8666.23,8710.74,2623
2026-04-29T02:00:00+00:00,8710.74,8722.24,8696.74,8697.75,1055
2026-04-29T03:00:00+00:00,8697.75,8703.74,8692.23,8701.75,606
2026-04-29T04:00:00+00:00,8701.75,8704.25,8695.25,8697.73,482.0140892318014
2026-04-29T05:00:00+00:00,8697.73,8697.74,8683.73,8688.25,523
2026-04-29T06:00:00+00:00,8688.25,8693.35,8684.33,8687.65,736
2026-04-29T07:00:00+00:00,8677.47,8677.47,8651.65,8657.17,1149
2026-04-29T08:00:00+00:00,8657.17,8664.66,8634.67,8644.17,2357
2026-04-29T09:00:00+00:00,8644.17,8654.17,8633.16,8636.16,1997
2026-04-29T10:00:00+00:00,8636.16,8658.67,8633.67,8650.17,1233
2026-04-29T11:00:00+00:00,8650.17,8661.16,8645.16,8657.17,1459
2026-04-29T12:00:00+00:00,8657.17,8659.17,8634.65,8646.16,1661
2026-04-29T13:00:00+00:00,8646.16,8650.17,8605.65,8618.65,3353
2026-04-29T14:00:00+00:00,8618.65,8636.17,8612.65,8632.65,2338
2026-04-29T15:00:00+00:00,8632.65,8635.17,8606.65,8617.67,3419
2026-04-29T16:00:00+00:00,8617.67,8628.15,8612.63,8617.65,2064.3796918622684
2026-04-29T17:00:00+00:00,8617.65,8625.63,8610.65,8622.64,1603
2026-04-29T18:00:00+00:00,8622.64,8624.939999999999,8594.65,8620.14,3498
2026-04-29T19:00:00+00:00,8620.14,8631.65,8612.65,8628.14,1935
2026-04-29T20:00:00+00:00,8628.14,8638.939999999999,8605.13,8611.449999999999,2462
2026-04-29T23:00:00+00:00,8630.12,8649.89,8613.38,8644.4,1328.6309149205097
2026-04-30T00:00:00+00:00,8644.4,8668.289999999999,8642.289999999999,8658.8,2244
2026-04-30T01:00:00+00:00,8658.8,8687.289999999999,8658.78,8686.8,1424
2026-04-30T02:00:00+00:00,8686.8,8689.28,8662.28,8676.3,2259
2026-04-30T03:00:00+00:00,8676.3,8681.3,8666.28,8666.8,1340
2026-04-30T04:00:00+00:00,8666.8,8667.3,8638.289999999999,8646.789999999999,1412
2026-04-30T05:00:00+00:00,8646.789999999999,8672.3,8646.28,8663.289999999999,1600
2026-04-30T06:00:00+00:00,8663.289999999999,8670.89,8656.88,8661.19,1162
2026-04-30T07:00:00+00:00,8650.78,8688.99,8650.78,8683.47,1820
2026-04-30T08:00:00+00:00,8683.47,8696.98,8681.97,8688.47,2424
2026-04-30T09:00:00+00:00,8688.47,8720.49,8686.98,8716.47,2682
2026-04-30T10:00:00+00:00,8716.47,8737.98,8716.47,8736.47,2543
2026-04-30T11:00:00+00:00,8736.47,8761.79,8735.47,8748.98,2300
2026-04-30T12:00:00+00:00,8748.98,8760.99,8742.49,8748.97,1978
2026-04-30T13:00:00+00:00,8748.97,8757.49,8724.99,8726.97,3665
2026-04-30T14:00:00+00:00,8726.97,8768.48,8720.97,8756.47,3989
2026-04-30T15:00:00+00:00,8756.47,8773.49,8751.47,8762.99,2424
2026-04-30T16:00:00+00:00,8762.99,8769.49,8758.47,8761.47,1159
2026-04-30T17:00:00+00:00,8761.47,8775.49,8760.98,8766.99,1049
2026-04-30T18:00:00+00:00,8766.99,8776.97,8766.48,8772.49,610
2026-04-30T19:00:00+00:00,8772.49,8787.49,8771.97,8773.49,998
2026-04-30T20:00:00+00:00,8773.49,8784.47,8773.49,8773.78,652
2026-04-30T23:00:00+00:00,8779.38,8797.38,8772.38,8776.509999999998,706.0846689167646
2026-05-01T00:00:00+00:00,8776.509999999998,8787.429999999998,8731.909999999998,8747.929999999998,2464
2026-05-01T01:00:00+00:00,8747.929999999998,8776.929999999998,8734.909999999998,8770.419999999998,947
2026-05-01T02:00:00+00:00,8770.419999999998,8778.929999999998,8763.919999999998,8770.419999999998,532.0364686771461
2026-05-01T03:00:00+00:00,8770.419999999998,8777.929999999998,8766.409999999998,8772.919999999998,372
2026-05-01T04:00:00+00:00,8772.919999999998,8774.419999999998,8764.919999999998,8764.919999999998,497.35687928307857
2026-05-01T05:00:00+00:00,8764.919999999998,8769.429999999998,8745.919999999998,8753.909999999998,467
2026-05-01T06:00:00+00:00,8753.909999999998,8759.029999999999,8746.009999999998,8756.309999999998,612.6023316062176
2026-05-01T07:00:00+00:00,8734.21,8737.93,8715.72,8720.43,437
2026-05-01T08:00:00+00:00,8720.43,8724.93,8715.41,8718.41,349
2026-05-01T09:00:00+00:00,8718.41,8719.43,8709.92,8719.42,308.06819866567827
2026-05-01T10:00:00+00:00,8719.42,8719.42,8709.42,8718.41,225.61340256997008
2026-05-01T11:00:00+00:00,8718.41,8719.91,8710.41,8718.41,309.16128241962645
2026-05-01T12:00:00+00:00,8718.41,8734.93,8713.93,8714.43,1000.0697412823397
2026-05-01T13:00:00+00:00,8714.43,8755.73,8707.91,8755.71,2173
2026-05-01T14:00:00+00:00,8755.71,8755.72,8723.43,8733.93,1877
2026-05-01T15:00:00+00:00,8733.93,8734.92,8713.91,8724.9,1777.0442804428044
2026-05-01T16:00:00+00:00,8724.9,8728.91,8708.4,8714.41,1076
2026-05-01T17:00:00+00:00,8714.41,8726.39,8713.4,8722.41,631
2026-05-01T18:00:00+00:00,8722.41,8724.41,8710.9,8717.39,757
2026-05-01T19:00:00+00:00,8717.39,8729.41,8709.4,8715.89,690
2026-05-01T20:00:00+00:00,8715.89,8715.89,8710.9,8711.89,173.11566311157873
2026-05-03T23:00:00+00:00,8710.91,8725.41,8710.91,8720.92,121
2026-05-04T00:00:00+00:00,8720.92,8733.82,8674.32,8710.8,2737
2026-05-04T01:00:00+00:00,8710.8,8738.32,8703.32,8711.81,1693
2026-05-04T02:00:00+00:00,8711.81,8714.82,8690.31,8693.81,1177
2026-05-04T03:00:00+00:00,8693.81,8701.31,8687.31,8694.3,887
2026-05-04T04:00:00+00:00,8694.3,8696.3,8683.8,8690.3,587.0206489675516
2026-05-04T05:00:00+00:00,8690.3,8702.32,8688.31,8700.32,716
2026-05-04T06:00:00+00:00,8700.32,8702.92,8693.9,8701.22,705
2026-05-04T07:00:00+00:00,8700.22,8700.42,8672.92,8672.92,689
2026-05-04T08:00:00+00:00,8672.92,8673.42,8652.9,8654.9,1343
2026-05-04T09:00:00+00:00,8654.9,8667.91,8651.4,8661.91,677
2026-05-04T10:00:00+00:00,8661.91,8663.92,8598.42,8640.9,6260
2026-05-04T11:00:00+00:00,8640.9,8653.92,8637.4,8651.41,2416
2026-05-04T12:00:00+00:00,8651.41,8685.92,8651.41,8676.9,2060
2026-05-04T13:00:00+00:00,8676.9,8686.41,8658.4,8682.91,3540
2026-05-04T14:00:00+00:00,8682.91,8698.92,8673.4,8674.91,2544
2026-05-04T15:00:00+00:00,8674.91,8680.9,8633.91,8646.41,5994
2026-05-04T16:00:00+00:00,8646.41,8649.92,8615.91,8617.9,4101
2026-05-04T17:00:00+00:00,8617.9,8645.42,8616.92,8636.4,1881
2026-05-04T18:00:00+00:00,8636.4,8641.42,8622.92,8628.92,975
2026-05-04T19:00:00+00:00,8628.92,8638.42,8624.91,8635.91,1336
2026-05-04T20:00:00+00:00,8635.91,8650.71,8628.22,8643.22,241
2026-05-04T23:00:00+00:00,8630.21,8637.21,8619.77,8630.77,513.0019042856666
2026-05-05T00:00:00+00:00,8630.77,8659.68,8623.17,8623.67,2109
2026-05-05T01:00:00+00:00,8623.67,8628.19,8608.67,8617.69,1462
2026-05-05T02:00:00+00:00,8617.69,8648.19,8617.69,8641.17,740.0478128179044
2026-05-05T03:00:00+00:00,8641.17,8645.19,8630.19,8642.69,420
2026-05-05T04:00:00+00:00,8642.69,8651.18,8622.17,8649.18,1110
2026-05-05T05:00:00+00:00,8649.18,8671.19,8642.18,8666.18,1331
2026-05-05T06:00:00+00:00,8666.18,8672.789999999999,8655.77,8657.59,1098
2026-05-05T07:00:00+00:00,8667.6,8696.8,8667.6,8677.28,1682
2026-05-05T08:00:00+00:00,8677.28,8694.3,8676.79,8690.28,1574
2026-05-05T09:00:00+00:00,8690.28,8695.8,8680.79,8691.29,1293
2026-05-05T10:00:00+00:00,8691.29,8702.79,8686.28,8695.3,964
2026-05-05T11:00:00+00:00,8695.3,8697.29,8676.79,8687.78,1379
2026-05-05T12:00:00+00:00,8687.78,8698.8,8679.28,8682.3,1786
2026-05-05T13:00:00+00:00,8682.3,8695.8,8665.78,8679.8,1769
2026-05-05T14:00:00+00:00,8679.8,8694.8,8667.78,8690.8,3008
2026-05-05T15:00:00+00:00,8690.8,8708.8,8688.78,8701.8,1579
2026-05-05T16:00:00+00:00,8701.8,8712.29,8701.29,8706.78,741
2026-05-05T17:00:00+00:00,8706.78,8715.8,8704.28,8712.8,496.8162886601501
2026-05-05T18:00:00+00:00,8712.8,8718.78,8712.28,8717.79,363.14889466840054
2026-05-05T19:00:00+00:00,8717.79,8718.8,8701.78,8706.78,598.4084507042253
2026-05-05T20:00:00+00:00,8706.78,8709.8,8700.1,8705.08,304.3149826005264
2026-05-05T23:00:00+00:00,8731.91,8775.8,8714.91,8765.8,990.3651078628513
2026-05-06T00:00:00+00:00,8765.8,8784.2,8748.19,8782.2,1839
2026-05-06T01:00:00+00:00,8782.2,8818.2,8782.2,8815.18,1333
2026-05-06T02:00:00+00:00,8815.18,8822.2,8795.18,8796.69,768
2026-05-06T03:00:00+00:00,8796.69,8798.2,8783.68,8788.19,575
2026-05-06T04:00:00+00:00,8788.19,8811.2,8787.18,8804.68,621
2026-05-06T05:00:00+00:00,8804.68,8825.2,8796.69,8822.19,944.7386681589255
2026-05-06T06:00:00+00:00,8822.19,8825.789999999999,8807.78,8816.59,854
2026-05-06T07:00:00+00:00,8783.76,8817.47,8783.76,8816.47,1311
2026-05-06T08:00:00+00:00,8816.47,8862.47,8813.95,8856.97,3513
2026-05-06T09:00:00+00:00,8856.97,8877.46,8845.95,8876.95,3162
2026-05-06T10:00:00+00:00,8876.95,8909.97,8876.95,8902.96,3248
2026-05-06T11:00:00+00:00,8902.96,8910.47,8889.97,8892.97,2923
2026-05-06T12:00:00+00:00,8892.97,8893.45,8858.46,8863.47,3170
2026-05-06T13:00:00+00:00,8863.47,8872.96,8847.95,8867.96,3830
2026-05-06T14:00:00+00:00,8867.96,8877.97,8855.47,8871.95,3229
2026-05-06T15:00:00+00:00,8871.95,8888.97,8871.95,8874.45,1874
2026-05-06T16:00:00+00:00,8874.45,8882.97,8867.96,8873.97,1050
2026-05-06T17:00:00+00:00,8873.97,8883.96,8871.45,8878.46,647
2026-05-06T18:00:00+00:00,8878.46,8884.97,8877.96,8879.95,451
2026-05-06T19:00:00+00:00,8879.95,8890.45,8879.95,8885.47,751
2026-05-06T20:00:00+00:00,8885.47,8889.489999999998,8873.769999999999,8883.269999999999,305.5146560283889
2026-05-06T23:00:00+00:00,8857.91,8878.91,8830.48,8834.48,867.5596155782339
2026-05-07T00:00:00+00:00,8834.48,8863.39,8834.48,8837.38,2178
2026-05-07T01:00:00+00:00,8837.38,8848.9,8825.88,8842.88,1287
2026-05-07T02:00:00+00:00,8842.88,8850.9,8836.9,8845.89,726
2026-05-07T03:00:00+00:00,8845.89,8847.39,8837.39,8839.89,434.17515274949085
2026-05-07T04:00:00+00:00,8839.89,8842.4,8830.88,8834.89,408.60362280234415
2026-05-07T05:00:00+00:00,8834.89,8840.9,8829.89,8840.88,478.15346806603634
2026-05-07T06:00:00+00:00,8840.88,8854.5,8838.48,8852.789999999999,995
2026-05-07T07:00:00+00:00,8876.13,8899.84,8876.12,8881.82,1674
2026-05-07T08:00:00+00:00,8881.82,8887.84,8871.34,8872.84,1794
2026-05-07T09:00:00+00:00,8872.84,8872.84,8858.82,8861.82,1099
2026-05-07T10:00:00+00:00,8861.82,8864.82,8852.34,8858.83,983
2026-05-07T11:00:00+00:00,8858.83,8864.84,8854.32,8858.34,1141
2026-05-07T12:00:00+00:00,8858.34,8870.84,8853.82,8870.83,1163
2026-05-07T13:00:00+00:00,8870.83,8870.83,8821.82,8829.84,2281
2026-05-07T14:00:00+00:00,8829.84,8831.84,8813.82,8818.82,2065
2026-05-07T15:00:00+00:00,8818.82,8819.82,8772.33,8774.82,2429
2026-05-07T16:00:00+00:00,8774.82,8776.34,8753.83,8760.84,2859
2026-05-07T17:00:00+00:00,8760.84,8765.84,8726.32,8752.32,4352
2026-05-07T18:00:00+00:00,8752.32,8755.34,8726.82,8738.34,3115
2026-05-07T19:00:00+00:00,8738.34,8745.84,8724.34,8731.33,2688
2026-05-07T20:00:00+00:00,8731.33,8748.34,8718.33,8719.12,1337.0895446451286
2026-05-07T23:00:00+00:00,8715.31,8781.909999999998,8713.31,8781.21,1155.9810453101586
2026-05-08T00:00:00+00:00,8781.21,8808.289999999999,8760.31,8773.31,2954
2026-05-08T01:00:00+00:00,8773.31,8778.3,8736.289999999999,8738.3,1112
2026-05-08T02:00:00+00:00,8738.3,8749.31,8724.289999999999,8736.8,1344
2026-05-08T03:00:00+00:00,8736.8,8737.289999999999,8718.789999999999,8720.289999999999,654
2026-05-08T04:00:00+00:00,8720.289999999999,8737.289999999999,8720.289999999999,8731.31,661.3914863921842
2026-05-08T05:00:00+00:00,8731.31,8749.31,8730.789999999999,8746.81,786.6928777274599
2026-05-08T06:00:00+00:00,8746.81,8756.71,8731.89,8755.689999999999,968
2026-05-08T07:00:00+00:00,8747.5,8747.5,8713.72,8723.22,1688
2026-05-08T08:00:00+00:00,8723.22,8729.72,8712.71,8715.7,1750
2026-05-08T09:00:00+00:00,8715.7,8742.72,8715.7,8731.21,1318
2026-05-08T10:00:00+00:00,8731.21,8746.72,8730.7,8742.72,1130
2026-05-08T11:00:00+00:00,8742.72,8745.7,8726.2,8731.72,881
2026-05-08T12:00:00+00:00,8731.72,8741.72,8718,8725.7,1909
2026-05-08T13:00:00+00:00,8725.7,8743.22,8712.2,8741.72,2117
2026-05-08T14:00:00+00:00,8741.72,8741.72,8716.7,8719.71,1950
2026-05-08T15:00:00+00:00,8719.71,8723.2,8705.21,8709.729999999998,1967.078497295717
2026-05-08T16:00:00+00:00,8709.729999999998,8717.219999999998,8699.229999999998,8699.719999999998,944
2026-05-08T17:00:00+00:00,8699.719999999998,8710.219999999998,8699.21,8704.219999999998,613
2026-05-08T18:00:00+00:00,8704.219999999998,8713.719999999998,8692.21,8694.229999999998,1097
2026-05-08T19:00:00+00:00,8694.229999999998,8711.229999999998,8693.219999999998,8709.719999999998,909
2026-05-08T20:00:00+00:00,8709.719999999998,8711.219999999998,8703.71,8709.21,173.9976649069376
2026-05-10T23:00:00+00:00,8709.7,8709.7,8663.03,8684.54,210
2026-05-11T00:00:00+00:00,8684.54,8689.93,8636.92,8665.43,2567
2026-05-11T01:00:00+00:00,8665.43,8678.42,8653.92,8675.43,1832
2026-05-11T02:00:00+00:00,8675.43,8700.93,8674.92,8681.43,893.357711442786
2026-05-11T03:00:00+00:00,8681.43,8696.44,8673.92,8688.93,839
2026-05-11T04:00:00+00:00,8688.93,8692.92,8681.93,8683.94,418.38196274752227
2026-05-11T05:00:00+00:00,8683.94,8699.93,8683.94,8696.92,448
2026-05-11T06:00:00+00:00,8696.92,8703.54,8689.04,8700.32,547
2026-05-11T07:00:00+00:00,8699.32,8699.32,8681.53,8684.03,751
2026-05-11T08:00:00+00:00,8684.03,8699.03,8680.53,8690.53,1163
2026-05-11T09:00:00+00:00,8690.53,8711.54,8687.52,8702.53,712
2026-05-11T10:00:00+00:00,8702.53,8715.53,8700.54,8703.04,960
2026-05-11T11:00:00+00:00,8703.04,8714.02,8701.52,8706.53,895
2026-05-11T12:00:00+00:00,8706.53,8723.03,8697.02,8719.54,1343
2026-05-11T13:00:00+00:00,8719.54,8749.02,8718.03,8742.54,1612
2026-05-11T14:00:00+00:00,8742.54,8742.54,8721.02,8723.54,1824
2026-05-11T15:00:00+00:00,8723.54,8737.54,8723.03,8727.52,1190
2026-05-11T16:00:00+00:00,8727.52,8727.54,8708.52,8712.02,925
2026-05-11T17:00:00+00:00,8712.02,8723.54,8710.02,8718.52,532.7752998480333
2026-05-11T18:00:00+00:00,8718.52,8723.53,8714.53,8714.53,442.63656633221854
2026-05-11T19:00:00+00:00,8714.53,8716.52,8701.02,8715.02,734.1536555142503
2026-05-11T20:00:00+00:00,8715.02,8716.84,8705.52,8711.84,313
2026-05-11T23:00:00+00:00,8721.51,8727.51,8709.01,8721.02,523.2240346768706
2026-05-12T00:00:00+00:00,8721.02,8721.93,8658.41,8679.42,2220
2026-05-12T01:00:00+00:00,8679.42,8682.93,8624.92,8641.92,2756
2026-05-12T02:00:00+00:00,8641.92,8690.92,8638.41,8687.92,1689
2026-05-12T03:00:00+00:00,8687.92,8691.91,8676.91,8685.42,845.604899345137
2026-05-12T04:00:00+00:00,8685.42,8693.93,8679.42,8684.42,732.9888333823097
2026-05-12T05:00:00+00:00,8684.42,8686.92,8669.41,8682.91,1063
2026-05-12T06:00:00+00:00,8682.91,8682.91,8662.52,8665.81,1120
2026-05-12T07:00:00+00:00,8652.14,8652.86,8621.14,8645.34,1044
2026-05-12T08:00:00+00:00,8645.34,8650.86,8635.85,8645.85,1601
2026-05-12T09:00:00+00:00,8645.85,8649.35,8636.85,8641.35,1808
2026-05-12T10:00:00+00:00,8641.35,8649.86,8638.84,8641.34,855
2026-05-12T11:00:00+00:00,8641.34,8649.34,8630.84,8633.86,1184
2026-05-12T12:00:00+00:00,8633.86,8651.34,8627.15,8648.86,1491
2026-05-12T13:00:00+00:00,8648.86,8648.86,8618.84,8621.86,2141
2026-05-12T14:00:00+00:00,8621.86,8639.84,8612.36,8614.85,2807
2026-05-12T15:00:00+00:00,8614.85,8623.86,8590.34,8608.85,2318
2026-05-12T16:00:00+00:00,8608.85,8618.34,8602.84,8610.86,1431
2026-05-12T17:00:00+00:00,8610.86,8628.86,8609.35,8627.86,1055
2026-05-12T18:00:00+00:00,8627.86,8641.36,8625.85,8631.86,937
2026-05-12T19:00:00+00:00,8631.86,8653.35,8631.84,8650.86,757
2026-05-12T20:00:00+00:00,8650.86,8651.86,8639.16,8646.64,255
2026-05-12T23:00:00+00:00,8644.81,8647.81,8615.57,8618.08,791.2384264972379
2026-05-13T00:00:00+00:00,8618.08,8629.48,8575.98,8623.48,3977
2026-05-13T01:00:00+00:00,8623.48,8644.48,8612.960000000001,8636.460000000001,2019
2026-05-13T02:00:00+00:00,8636.460000000001,8643.47,8621.47,8627.48,1090
2026-05-13T03:00:00+00:00,8627.48,8633.98,8617.460000000001,8627.460000000001,762
2026-05-13T04:00:00+00:00,8627.460000000001,8627.48,8612.460000000001,8618.98,603.8339211285669
2026-05-13T05:00:00+00:00,8618.98,8627.48,8610.460000000001,8622.47,758
2026-05-13T06:00:00+00:00,8622.47,8623.58,8611.56,8618.36,487
2026-05-13T07:00:00+00:00,8626.19,8637.41,8616.9,8630.89,633.1135617081183
2026-05-13T08:00:00+00:00,8630.89,8638.9,8619.9,8621.39,784
2026-05-13T09:00:00+00:00,8621.39,8622.9,8593.9,8600.9,770
2026-05-13T10:00:00+00:00,8600.9,8607.39,8577.9,8583.41,1091
2026-05-13T11:00:00+00:00,8583.41,8600.91,8580.89,8595.39,770
2026-05-13T12:00:00+00:00,8595.39,8597.91,8555.89,8570.9,1477
2026-05-13T13:00:00+00:00,8570.9,8594.39,8570.9,8586.9,1991
2026-05-13T14:00:00+00:00,8586.9,8602.9,8582.9,8592.41,1309
2026-05-13T15:00:00+00:00,8592.41,8601.89,8579.91,8588.41,1085
2026-05-13T16:00:00+00:00,8588.41,8607.41,8585.89,8592.91,1172
2026-05-13T17:00:00+00:00,8592.91,8594.91,8584.89,8584.89,489.96193232287226
2026-05-13T18:00:00+00:00,8584.89,8589.4,8579.89,8583.9,662
2026-05-13T19:00:00+00:00,8583.9,8604.91,8583.4,8602.39,655
2026-05-13T20:00:00+00:00,8602.39,8606.199999999999,8598.39,8606.199999999999,188.96559241609555
2026-05-13T23:00:00+00:00,8610.91,8620.86,8602.91,8612.36,629.6504871754051
2026-05-14T00:00:00+00:00,8612.36,8642.76,8601.27,8642.26,2527
2026-05-14T01:00:00+00:00,8642.26,8645.78,8607.27,8608.27,1547
2026-05-14T02:00:00+00:00,8608.27,8629.28,8606.28,8619.27,957
2026-05-14T03:00:00+00:00,8619.27,8620.28,8609.26,8611.78,886.004572175049
2026-05-14T04:00:00+00:00,8611.78,8622.28,8607.27,8615.27,623.9064251832687
2026-05-14T05:00:00+00:00,8615.27,8631.28,8612.77,8630.27,1164.6535433070867
2026-05-14T06:00:00+00:00,8630.27,8645.880000000001,8627.880000000001,8643.18,661
2026-05-14T07:00:00+00:00,8640.48,8646.17,8632.66,8634.67,647
2026-05-14T08:00:00+00:00,8634.67,8668.18,8633.67,8666.66,832
2026-05-14T09:00:00+00:00,8666.66,8680.16,8658.16,8678.17,1071
2026-05-14T10:00:00+00:00,8678.17,8689.68,8675.16,8687.67,1354
2026-05-14T11:00:00+00:00,8687.67,8697.18,8685.16,8689.66,900
2026-05-14T12:00:00+00:00,8689.66,8700.18,8688.46,8696.17,834
2026-05-14T13:00:00+00:00,8696.17,8697.18,8671.16,8672.17,1609
2026-05-14T14:00:00+00:00,8672.17,8700.16,8670.17,8691.66,1525
2026-05-14T15:00:00+00:00,8691.66,8709.17,8691.16,8709.17,807
2026-05-14T16:00:00+00:00,8709.17,8714.66,8696.67,8702.66,985
2026-05-14T17:00:00+00:00,8702.66,8708.17,8690.68,8696.66,965
2026-05-14T18:00:00+00:00,8696.66,8703.17,8689.17,8699.17,781
2026-05-14T19:00:00+00:00,8699.17,8704.18,8682.67,8689.18,729.1556350626117
2026-05-14T20:00:00+00:00,8689.18,8694.96,8684.67,8694.96,242.48795839034227
2026-05-14T23:00:00+00:00,8692.91,8699.91,8649.62,8654.130000000001,786.043066414438
2026-05-15T00:00:00+00:00,8654.130000000001,8684.04,8642.03,8662.04,2928
2026-05-15T01:00:00+00:00,8662.04,8663.04,8603.02,8616.03,3387
2026-05-15T02:00:00+00:00,8616.03,8635.03,8608.04,8630.03,2569
2026-05-15T03:00:00+00:00,8630.03,8635.04,8613.02,8629.04,1315
2026-05-15T04:00:00+00:00,8629.04,8631.54,8612.02,8613.54,961
2026-05-15T05:00:00+00:00,8613.54,8618.04,8601.02,8610.04,1794
2026-05-15T06:00:00+00:00,8610.04,8622.640000000001,8599.62,8620.43,1614
2026-05-15T07:00:00+00:00,8626.98,8657.68,8626.98,8642.17,1388
2026-05-15T08:00:00+00:00,8642.17,8644.17,8598.17,8616.18,2526
2026-05-15T09:00:00+00:00,8616.18,8618.17,8600.19,8606.67,2449
2026-05-15T10:00:00+00:00,8606.67,8641.19,8604.17,8638.19,3037
2026-05-15T11:00:00+00:00,8638.19,8644.19,8605.17,8605.19,1745
2026-05-15T12:00:00+00:00,8605.19,8605.19,8590.17,8600.67,1855
2026-05-15T13:00:00+00:00,8600.67,8616.69,8573.68,8584.69,2841
2026-05-15T14:00:00+00:00,8584.69,8614.19,8573.67,8605.19,3918
2026-05-15T15:00:00+00:00,8605.19,8609.68,8582.68,8592.67,2910
2026-05-15T16:00:00+00:00,8592.67,8595.19,8581.67,8590.17,1454
2026-05-15T17:00:00+00:00,8590.17,8607.19,8587.17,8603.68,941
2026-05-15T18:00:00+00:00,8603.68,8605.69,8588.69,8598.18,1364
2026-05-15T19:00:00+00:00,8598.18,8606.19,8590.67,8594.19,1248
2026-05-15T20:00:00+00:00,8594.19,8594.19,8577.18,8582.68,496
2026-05-17T23:00:00+00:00,8582.68,8590.44,8577.42,8583.42,322
2026-05-18T00:00:00+00:00,8583.42,8589.84,8531.83,8553.84,7564
2026-05-18T01:00:00+00:00,8553.84,8557.34,8502.82,8520.84,6237
2026-05-18T02:00:00+00:00,8520.84,8531.82,8504.82,8506.84,2681
2026-05-18T03:00:00+00:00,8506.84,8516.84,8498.82,8505.82,2235
2026-05-18T04:00:00+00:00,8505.82,8521.84,8505.32,8514.83,1910
2026-05-18T05:00:00+00:00,8514.83,8523.82,8501.83,8512.32,2325
2026-05-18T06:00:00+00:00,8512.32,8512.44,8491.73,8492.24,1390
2026-05-18T07:00:00+00:00,8492.24,8519.92,8489.44,8504.94,2374
2026-05-18T08:00:00+00:00,8504.94,8540.44,8504.94,8538.44,1485
2026-05-18T09:00:00+00:00,8538.44,8539.94,8527.43,8536.42,1107
2026-05-18T10:00:00+00:00,8536.42,8538.94,8521.43,8529.43,1186
2026-05-18T11:00:00+00:00,8529.43,8578.44,8514.42,8554.43,3456
2026-05-18T12:00:00+00:00,8554.43,8594.44,8547.93,8589.43,3248
2026-05-18T13:00:00+00:00,8589.43,8600.94,8566.92,8592.44,3938
2026-05-18T14:00:00+00:00,8592.44,8592.94,8551.42,8561.92,4260
2026-05-18T15:00:00+00:00,8561.92,8571.43,8538.92,8565.43,4026
2026-05-18T16:00:00+00:00,8565.43,8582.43,8550.42,8568.43,2960
2026-05-18T17:00:00+00:00,8568.43,8577.44,8560.93,8566.93,1742
2026-05-18T18:00:00+00:00,8566.93,8568.43,8530.94,8532.42,2499
2026-05-18T19:00:00+00:00,8532.42,8587.42,8531.92,8584.44,4031
2026-05-18T20:00:00+00:00,8584.44,8588.23,8577.92,8588.23,360
2026-05-18T23:00:00+00:00,8598.41,8601.41,8559.150000000001,8565.650000000001,1959.5203174280648
2026-05-19T00:00:00+00:00,8565.650000000001,8600.550000000001,8556.550000000001,8574.04,4567
2026-05-19T01:00:00+00:00,8574.04,8590.54,8556.04,8565.050000000001,3007
2026-05-19T02:00:00+00:00,8565.050000000001,8588.54,8560.53,8580.550000000001,2250
2026-05-19T03:00:00+00:00,8580.550000000001,8603.53,8576.54,8588.050000000001,1305
2026-05-19T04:00:00+00:00,8588.050000000001,8589.050000000001,8570.53,8580.53,1682
2026-05-19T05:00:00+00:00,8580.53,8591.550000000001,8568.54,8589.54,2115
2026-05-19T06:00:00+00:00,8589.54,8603.150000000001,8588.140000000001,8601.95,1167
2026-05-19T07:00:00+00:00,8609.99,8647.19,8609.99,8645.17,1275
2026-05-19T08:00:00+00:00,8645.17,8652.48,8616.7,8627.2,1862
2026-05-19T09:00:00+00:00,8627.2,8627.2,8606.16,8624.18,1962
2026-05-19T10:00:00+00:00,8624.18,8638.19,8615.18,8632.68,2173
2026-05-19T11:00:00+00:00,8632.68,8637.67,8607.66,8609.16,1573
2026-05-19T12:00:00+00:00,8609.16,8631.16,8606.67,8624.17,1642
2026-05-19T13:00:00+00:00,8624.17,8625.66,8574.66,8594.18,4377
2026-05-19T14:00:00+00:00,8594.18,8600.67,8565.66,8575.66,5031
2026-05-19T15:00:00+00:00,8575.66,8590.68,8568.16,8576.68,3056
2026-05-19T16:00:00+00:00,8576.68,8604.18,8569.66,8602.17,2005
2026-05-19T17:00:00+00:00,8602.17,8610.18,8599.67,8602.17,1500
2026-05-19T18:00:00+00:00,8602.17,8603.68,8574.66,8579.66,1674
2026-05-19T19:00:00+00:00,8579.66,8593.67,8569.18,8576.68,1810
2026-05-19T20:00:00+00:00,8576.68,8577.19,8569.18,8576.48,341
2026-05-19T23:00:00+00:00,8577.41,8592.77,8566.41,8577.76,1173.462406045624
2026-05-20T00:00:00+00:00,8577.76,8586.66,8537.65,8564.65,6179
2026-05-20T01:00:00+00:00,8564.65,8566.67,8516.65,8532.67,5926
2026-05-20T02:00:00+00:00,8532.67,8538.67,8496.65,8510.17,4514
2026-05-20T03:00:00+00:00,8510.17,8511.67,8496.16,8500.16,2339
2026-05-20T04:00:00+00:00,8500.16,8514.65,8482.65,8488.15,1866
2026-05-20T05:00:00+00:00,8488.15,8501.66,8485.15,8499.67,2617
2026-05-20T06:00:00+00:00,8499.67,8503.27,8489.26,8499.07,1386
2026-05-20T07:00:00+00:00,8500.64,8521.34,8499.82,8500.32,1056
2026-05-20T08:00:00+00:00,8500.32,8526.82,8497.82,8521.33,1878
2026-05-20T09:00:00+00:00,8521.33,8525.32,8511.82,8520.84,1083
2026-05-20T10:00:00+00:00,8520.84,8538.84,8520.33,8523.82,1014
2026-05-20T11:00:00+00:00,8523.82,8529.34,8514.32,8517.32,1154
2026-05-20T12:00:00+00:00,8517.32,8531.84,8515.32,8521.84,1185
2026-05-20T13:00:00+00:00,8521.84,8553.84,8519.82,8545.32,2687
2026-05-20T14:00:00+00:00,8545.32,8591.82,8525.82,8587.82,7157
2026-05-20T15:00:00+00:00,8587.82,8624.34,8580.82,8605.33,5059
2026-05-20T16:00:00+00:00,8605.33,8610.34,8593.82,8602.33,2857
2026-05-20T17:00:00+00:00,8602.33,8615.34,8598.82,8609.84,1676
2026-05-20T18:00:00+00:00,8609.84,8620.84,8603.13,8613.83,1296
2026-05-20T19:00:00+00:00,8613.83,8625.32,8612.82,8620.82,841
2026-05-20T20:00:00+00:00,8620.82,8624.83,8604.13,8604.84,904.832276938079
2026-05-20T23:00:00+00:00,8590.11,8618.060000000001,8579.11,8610.560000000001,1034.0937280509972
2026-05-21T00:00:00+00:00,8610.560000000001,8630.45,8591.94,8604.44,3732
2026-05-21T01:00:00+00:00,8604.44,8640.460000000001,8591.44,8622.44,2634
2026-05-21T02:00:00+00:00,8622.44,8640.460000000001,8616.45,8632.95,1320
2026-05-21T03:00:00+00:00,8632.95,8636.460000000001,8613.44,8614.45,607
2026-05-21T04:00:00+00:00,8614.45,8624.44,8612.44,8624.44,455
2026-05-21T05:00:00+00:00,8624.44,8629.45,8598.44,8605.460000000001,1203
2026-05-21T06:00:00+00:00,8605.460000000001,8612.060000000001,8599.04,8605.36,1062
2026-05-21T07:00:00+00:00,8618.09,8619.27,8600.77,8610.77,1060
2026-05-21T08:00:00+00:00,8610.77,8633.79,8610.77,8623.27,2075
2026-05-21T09:00:00+00:00,8623.27,8644.79,8622.28,8638.78,1274
2026-05-21T10:00:00+00:00,8638.78,8642.28,8577.27,8589.79,4432
2026-05-21T11:00:00+00:00,8589.79,8606.27,8586.28,8597.79,2199
2026-05-21T12:00:00+00:00,8597.79,8608.28,8587.77,8599.79,2661
2026-05-21T13:00:00+00:00,8599.79,8640.29,8585.77,8635.77,3870
2026-05-21T14:00:00+00:00,8635.77,8638.79,8604.78,8619.77,3933
2026-05-21T15:00:00+00:00,8619.77,8630.29,8606.29,8620.78,2834
2026-05-21T16:00:00+00:00,8620.78,8630.78,8615.28,8619.28,2025
2026-05-21T17:00:00+00:00,8619.28,8660.29,8611.29,8653.29,4642
2026-05-21T18:00:00+00:00,8653.29,8659.29,8632.77,8639.29,3624
2026-05-21T19:00:00+00:00,8639.29,8661.79,8639.27,8657.78,2130
2026-05-21T20:00:00+00:00,8657.78,8662.28,8652.28,8653.07,251.76661417322833
2026-05-21T23:00:00+00:00,8667.42,8698.27,8664.42,8690.25,1123.0529641779972
2026-05-22T00:00:00+00:00,8690.25,8705.65,8677.65,8680.67,2269
2026-05-22T01:00:00+00:00,8680.67,8704.67,8673.65,8693.16,1256
2026-05-22T02:00:00+00:00,8693.16,8706.17,8688.65,8698.66,1025
2026-05-22T03:00:00+00:00,8698.66,8702.66,8691.66,8692.17,443.8921251348436
2026-05-22T04:00:00+00:00,8692.17,8701.17,8681.65,8686.65,399.87692307692305
2026-05-22T05:00:00+00:00,8686.65,8692.17,8669.65,8672.66,686
2026-05-22T06:00:00+00:00,8672.66,8692.26,8669.25,8688.550000000001,787
2026-05-22T07:00:00+00:00,8657.7,8660.42,8639.9,8649.4,910
2026-05-22T08:00:00+00:00,8649.4,8658.42,8632.9,8638.4,1854
2026-05-22T09:00:00+00:00,8638.4,8649.9,8630.41,8648.42,955
2026-05-22T10:00:00+00:00,8648.42,8651.42,8629.91,8632.41,840
2026-05-22T11:00:00+00:00,8632.41,8644.92,8626.9,8636.91,878.3963350785341
2026-05-22T12:00:00+00:00,8636.91,8657.91,8635.91,8655.91,2544
2026-05-22T13:00:00+00:00,8655.91,8661.41,8625.9,8634.91,2971
2026-05-22T14:00:00+00:00,8634.91,8634.92,8607.9,8613.9,2415
2026-05-22T15:00:00+00:00,8613.9,8633.92,8612.4,8626.9,1317
2026-05-22T16:00:00+00:00,8626.9,8631.42,8620.9,8626.42,1109
2026-05-22T17:00:00+00:00,8626.42,8646.42,8619.92,8633.42,2098
2026-05-22T18:00:00+00:00,8633.42,8638.91,8628.9,8635.41,861
2026-05-22T19:00:00+00:00,8635.41,8635.41,8613.9,8620.42,1256
2026-05-22T20:00:00+00:00,8620.42,8621.42,8606.9,8607.4,410.77031983047993
2026-05-24T23:00:00+00:00,8606.9,8658.26,8606.9,8655.75,328
2026-05-25T00:00:00+00:00,8655.75,8670.15,8640.67,8666.65,1807
2026-05-25T01:00:00+00:00,8666.65,8699.67,8661.65,8696.67,1265
2026-05-25T02:00:00+00:00,8696.67,8715.65,8696.17,8698.17,760
2026-05-25T03:00:00+00:00,8698.17,8702.67,8691.65,8697.65,660.3738279657562
2026-05-25T04:00:00+00:00,8697.65,8702.67,8696.65,8698.65,508
2026-05-25T05:00:00+00:00,8698.65,8698.67,8688.65,8690.66,474.30753835890596
2026-05-25T06:00:00+00:00,8690.66,8693.27,8683.25,8686.57,556
2026-05-25T07:00:00+00:00,8685.57,8698.27,8678.25,8698.26,595
2026-05-25T08:00:00+00:00,8698.26,8705.27,8693.25,8701.27,457
2026-05-25T09:00:00+00:00,8701.27,8717.27,8700.26,8716.25,239.27955711447174
2026-05-25T10:00:00+00:00,8716.25,8716.76,8710.25,8712.76,272.99379362064224
2026-05-25T11:00:00+00:00,8712.76,8717.76,8708.25,8711.76,353.9448883780941
2026-05-25T12:00:00+00:00,8711.76,8718.74,8707.74,8709.24,490
2026-05-25T13:00:00+00:00,8709.24,8711.75,8704.74,8708.76,294.3690495043075
2026-05-25T14:00:00+00:00,8708.76,8711.76,8703.74,8704.26,251
2026-05-25T15:00:00+00:00,8704.26,8715.74,8698.74,8704.76,954
2026-05-25T16:00:00+00:00,8704.76,8712.76,8701.74,8712.76,273.4785044760228
2026-05-25T17:00:00+00:00,8712.76,8712.76,8707.74,8707.74,137.22338894182985
2026-05-25T18:00:00+00:00,8707.74,8708.76,8706.74,8707.25,139.3815715946211
2026-05-25T19:00:00+00:00,8707.25,8708.76,8707.25,8708.76,269.21910675180703
2026-05-25T20:00:00+00:00,8708.76,8714.06,8702.55,8714.06,64.1358024691358
2026-05-25T23:00:00+00:00,8700.61,8708.61,8665.02,8671.02,1530.907640311549
2026-05-26T00:00:00+00:00,8671.02,8674.93,8617.410000000002,8623.43,2337
2026-05-26T01:00:00+00:00,8623.43,8654.43,8620.410000000002,8643.910000000002,1840
2026-05-26T02:00:00+00:00,8643.910000000002,8647.920000000002,8631.920000000002,8643.910000000002,713
2026-05-26T03:00:00+00:00,8643.910000000002,8652.410000000002,8640.410000000002,8644.910000000002,609.9960348929421
2026-05-26T04:00:00+00:00,8644.910000000002,8649.910000000002,8636.410000000002,8644.93,628
2026-05-26T05:00:00+00:00,8644.93,8652.43,8641.910000000002,8644.93,680
2026-05-26T06:00:00+00:00,8644.93,8650.03,8639.51,8643.830000000002,655
2026-05-26T07:00:00+00:00,8655.78,8667.48,8643.97,8664.97,1087
2026-05-26T08:00:00+00:00,8664.97,8666.97,8655.97,8657.48,964
2026-05-26T09:00:00+00:00,8657.48,8669.48,8655.46,8662.48,768
2026-05-26T10:00:00+00:00,8662.48,8673.98,8658.97,8668.46,822.2661870503597
2026-05-26T11:00:00+00:00,8668.46,8671.96,8652.47,8658.96,984
2026-05-26T12:00:00+00:00,8658.96,8660.46,8650.46,8656.96,748
2026-05-26T13:00:00+00:00,8656.96,8665.46,8638.96,8646.28,1829
2026-05-26T14:00:00+00:00,8646.28,8650.98,8635.97,8639.97,1436
2026-05-26T15:00:00+00:00,8639.97,8640.98,8625.96,8637.98,1695
2026-05-26T16:00:00+00:00,8637.98,8646.96,8634.96,8635.96,711
2026-05-26T17:00:00+00:00,8635.96,8638.98,8630.96,8635.47,587
2026-05-26T18:00:00+00:00,8635.47,8640.98,8633.97,8635.98,424
2026-05-26T19:00:00+00:00,8635.98,8649.98,8633.97,8648.98,498.0505476482951
2026-05-26T20:00:00+00:00,8648.98,8650.97,8645.47,8648.77,157.9952739379935
2026-05-26T23:00:00+00:00,8652.21,8673.21,8652.21,8665.159999999998,643.6901733305218
2026-05-27T00:00:00+00:00,8665.159999999998,8682.56,8646.05,8651.55,2160
2026-05-27T01:00:00+00:00,8651.55,8684.539999999999,8636.55,8676.06,1861
2026-05-27T02:00:00+00:00,8676.06,8685.56,8666.539999999999,8684.55,834
2026-05-27T03:00:00+00:00,8684.55,8688.56,8679.039999999999,8681.539999999999,700
2026-05-27T04:00:00+00:00,8681.539999999999,8696.029999999999,8676.029999999999,8692.029999999999,764.9088348271447
2026-05-27T05:00:00+00:00,8692.029999999999,8716.55,8691.029999999999,8713.55,727
2026-05-27T06:00:00+00:00,8713.55,8733.149999999998,8711.139999999998,8727.429999999998,728
2026-05-27T07:00:00+00:00,8718,8723.7,8708.71,8718.71,551
2026-05-27T08:00:00+00:00,8718.71,8731.71,8717.21,8724.2,920
2026-05-27T09:00:00+00:00,8724.2,8733.72,8722.7,8731.2,595.7674418604652
2026-05-27T10:00:00+00:00,8731.2,8734.71,8722.2,8722.71,491
2026-05-27T11:00:00+00:00,8722.71,8726.72,8703.71,8705.2,631
2026-05-27T12:00:00+00:00,8705.2,8735.72,8700.71,8705.72,3030
2026-05-27T13:00:00+00:00,8705.72,8706.71,8688.7,8691.7,2022
2026-05-27T14:00:00+00:00,8691.7,8693.72,8663.21,8685.71,2315
2026-05-27T15:00:00+00:00,8685.71,8695.22,8671.7,8675.7,1899
2026-05-27T16:00:00+00:00,8675.7,8687.72,8672.7,8675.71,839
2026-05-27T17:00:00+00:00,8675.71,8676.72,8663.72,8671.72,721
2026-05-27T18:00:00+00:00,8671.72,8677.72,8666.7,8672.71,505
2026-05-27T19:00:00+00:00,8672.71,8673.72,8663.7,8669.22,482
2026-05-27T20:00:00+00:00,8669.22,8673.02,8666.2,8673.02,226.99533676803816
2026-05-27T23:00:00+00:00,8669.86,8676.86,8626.86,8635.37,723.9763349673896
2026-05-28T00:00:00+00:00,8635.37,8638.76,8599.76,8634.28,2410
2026-05-28T01:00:00+00:00,8634.28,8637.78,8622.27,8635.26,1739
2026-05-28T02:00:00+00:00,8635.26,8640.27,8595.27,8602.26,1173
2026-05-28T03:00:00+00:00,8602.26,8603.28,8546.76,8546.77,2770
2026-05-28T04:00:00+00:00,8546.77,8559.26,8536.26,8552.26,2445
2026-05-28T05:00:00+00:00,8552.26,8576.27,8551.26,8572.27,1774
2026-05-28T06:00:00+00:00,8572.27,8577.380000000001,8564.36,8576.68,661
2026-05-28T07:00:00+00:00,8600.34,8625.03,8600.34,8624.02,919
2026-05-28T08:00:00+00:00,8624.02,8631.52,8617.52,8630.53,1026
2026-05-28T09:00:00+00:00,8630.53,8642.54,8629.03,8634.03,772
2026-05-28T10:00:00+00:00,8634.03,8634.54,8607.03,8613.54,954
2026-05-28T11:00:00+00:00,8613.54,8624.02,8611.53,8619.02,1013
2026-05-28T12:00:00+00:00,8619.02,8637.54,8611.52,8634.53,1071
2026-05-28T13:00:00+00:00,8634.53,8641.54,8614.02,8631.52,1615
2026-05-28T14:00:00+00:00,8631.52,8683.54,8623.52,8649.53,4735.472736897829
2026-05-28T15:00:00+00:00,8649.53,8658.050000000001,8644.04,8655.03,1364
2026-05-28T16:00:00+00:00,8655.03,8669.050000000001,8651.04,8668.050000000001,941
2026-05-28T17:00:00+00:00,8668.050000000001,8669.04,8655.53,8661.04,430.43570696721315
2026-05-28T18:00:00+00:00,8661.04,8663.050000000001,8650.04,8653.53,527
2026-05-28T19:00:00+00:00,8653.53,8656.050000000001,8649.03,8654.550000000001,381
2026-05-28T20:00:00+00:00,8654.550000000001,8663.34,8648.33,8663.34,145.5020848503416
2026-05-28T23:00:00+00:00,8648.01,8667.01,8645.960000000001,8654.970000000001,484.52992996976116
2026-05-29T00:00:00+00:00,8654.970000000001,8666.36,8646.36,8652.37,1990
2026-05-29T01:00:00+00:00,8652.37,8685.37,8651.37,8672.86,1296
2026-05-29T02:00:00+00:00,8672.86,8688.85,8668.87,8683.87,672
2026-05-29T03:00:00+00:00,8683.87,8703.37,8683.35,8702.85,595
2026-05-29T04:00:00+00:00,8702.85,8720.35,8702.35,8714.35,578
2026-05-29T05:00:00+00:00,8714.35,8722.86,8701.35,8708.36,538
2026-05-29T06:00:00+00:00,8708.36,8735.960000000001,8707.45,8725.76,1039
2026-05-29T07:00:00+00:00,8727.58,8750.79,8726.08,8745.77,1015
2026-05-29T08:00:00+00:00,8745.77,8750.78,8727.27,8728.28,802
2026-05-29T09:00:00+00:00,8728.28,8751.79,8726.78,8740.79,807
2026-05-29T10:00:00+00:00,8740.79,8744.78,8734.78,8742.27,795.3594309960212
2026-05-29T11:00:00+00:00,8742.27,8745.79,8732.27,8741.28,765
2026-05-29T12:00:00+00:00,8741.28,8752.27,8735.77,8748.27,921.7774158523343
2026-05-29T13:00:00+00:00,8748.27,8753.78,8727.77,8729.28,1260
2026-05-29T14:00:00+00:00,8729.28,8754.29,8725.77,8743.79,2120
2026-05-29T15:00:00+00:00,8743.79,8762.79,8726.77,8733.79,2570.10136765889
2026-05-29T16:00:00+00:00,8733.79,8737.79,8729.78,8732.78,791
2026-05-29T17:00:00+00:00,8732.78,8739.29,8722.27,8722.27,542
2026-05-29T18:00:00+00:00,8722.27,8733.29,8721.28,8721.77,667
2026-05-29T19:00:00+00:00,8721.77,8726.29,8717.27,8717.79,705.2204081632653
2026-05-29T20:00:00+00:00,8717.79,8724.79,8717.77,8718.77,213.03076923076924
2026-05-31T23:00:00+00:00,8718.27,8718.27,8705.56,8707.57,184
2026-06-01T00:00:00+00:00,8707.57,8733.97,8694.45,8703.46,2290
2026-06-01T01:00:00+00:00,8703.46,8723.97,8694.95,8717.46,861
2026-06-01T02:00:00+00:00,8717.46,8722.96,8706.95,8720.47,741.326724137931
2026-06-01T03:00:00+00:00,8720.47,8725.97,8704.45,8704.97,926
2026-06-01T04:00:00+00:00,8704.97,8724.96,8702.96,8721.97,468
2026-06-01T05:00:00+00:00,8721.97,8735.97,8719.95,8734.96,559
2026-06-01T06:00:00+00:00,8734.96,8734.96,8722.55,8727.35,566
2026-06-01T07:00:00+00:00,8727.35,8735.57,8723.06,8735.06,780
2026-06-01T08:00:00+00:00,8735.06,8738.07,8722.05,8733.57,817
2026-06-01T09:00:00+00:00,8733.57,8747.07,8732.05,8746.56,518
2026-06-01T10:00:00+00:00,8746.56,8764.05,8745.05,8760.55,461
2026-06-01T11:00:00+00:00,8760.55,8760.55,8746.06,8751.57,537
2026-06-01T12:00:00+00:00,8751.57,8754.07,8739.06,8745.57,1011
2026-06-01T13:00:00+00:00,8745.57,8746.56,8669.56,8670.57,5247
2026-06-01T14:00:00+00:00,8670.57,8690.57,8663.55,8667.05,2840
2026-06-01T15:00:00+00:00,8667.05,8705.57,8664.57,8689.57,2175
2026-06-01T16:00:00+00:00,8689.57,8699.57,8675.56,8699.06,1349
2026-06-01T17:00:00+00:00,8699.06,8724.56,8691.57,8714.56,1525
2026-06-01T18:00:00+00:00,8714.56,8716.56,8708.05,8710.05,379.59161713775956
2026-06-01T19:00:00+00:00,8710.05,8710.57,8693.57,8697.57,647.4535980148884
2026-06-01T20:00:00+00:00,8697.57,8699.57,8689.55,8691.35,271
2026-06-01T23:00:00+00:00,8682.11,8693.11,8643.37,8677.880000000001,820.5634599441378
2026-06-02T00:00:00+00:00,8677.880000000001,8684.78,8602.27,8613.28,3712
2026-06-02T01:00:00+00:00,8613.28,8655.26,8611.28,8624.26,3152
2026-06-02T02:00:00+00:00,8624.26,8669.78,8624.26,8668.26,1509
2026-06-02T03:00:00+00:00,8668.26,8676.27,8655.77,8673.77,953
2026-06-02T04:00:00+00:00,8673.77,8685.77,8669.78,8685.76,738
2026-06-02T05:00:00+00:00,8685.76,8709.78,8685.76,8708.28,812
2026-06-02T06:00:00+00:00,8708.28,8714.17,8701.86,8713.68,700
2026-06-02T07:00:00+00:00,8732.42,8754.1,8732.42,8754.1,676
2026-06-02T08:00:00+00:00,8754.1,8758.62,8747.11,8754.62,842
2026-06-02T09:00:00+00:00,8754.62,8754.62,8739.61,8747.61,633
2026-06-02T10:00:00+00:00,8747.61,8752.62,8741.6,8744.6,534
2026-06-02T11:00:00+00:00,8744.6,8753.12,8743.6,8746.6,556
2026-06-02T12:00:00+00:00,8746.6,8753.6,8742.6,8744.61,784
2026-06-02T13:00:00+00:00,8744.61,8754.62,8735.1,8740.61,1474
2026-06-02T14:00:00+00:00,8740.61,8761.61,8735.11,8755.62,1357
2026-06-02T15:00:00+00:00,8755.62,8766.12,8754.1,8760.62,900
2026-06-02T16:00:00+00:00,8760.62,8761.62,8748.6,8753.61,614
2026-06-02T17:00:00+00:00,8753.61,8754.62,8742.12,8745.62,438.2327044025157
2026-06-02T18:00:00+00:00,8745.62,8759.62,8745.62,8758.62,340
2026-06-02T19:00:00+00:00,8758.62,8768.12,8757.61,8766.61,352
2026-06-02T20:00:00+00:00,8766.61,8770.12,8765.6,8768.61,131.0675438596491
2026-06-02T23:00:00+00:00,8758.07,8769.07,8725.07,8762.619999999999,993.2397259897947
2026-06-03T00:00:00+00:00,8762.619999999999,8762.619999999999,8730,8734.019999999999,1802
2026-06-03T01:00:00+00:00,8734.019999999999,8760.019999999999,8723.5,8760,1165
2026-06-03T02:00:00+00:00,8760,8779.519999999999,8760,8779.5,676.1733528550512
2026-06-03T03:00:00+00:00,8779.5,8796.019999999999,8772.5,8787.5,406
2026-06-03T04:00:00+00:00,8787.5,8798.509999999998,8785.519999999999,8796.5,343.3513414547099
2026-06-03T05:00:00+00:00,8796.5,8805.509999999998,8792.5,8794.019999999999,596.1617647058823
2026-06-03T06:00:00+00:00,8794.019999999999,8796.099999999999,8775.099999999999,8784.919999999998,786
2026-06-03T07:00:00+00:00,8791.94,8803.66,8769.64,8776.16,793
2026-06-03T08:00:00+00:00,8776.16,8777.66,8765.14,8765.66,1057
2026-06-03T09:00:00+00:00,8765.66,8771.65,8757.14,8758.14,659
2026-06-03T10:00:00+00:00,8758.14,8773.65,8750.64,8758.66,1276
2026-06-03T11:00:00+00:00,8758.66,8759.64,8749.64,8753.15,548.4581695676586
2026-06-03T12:00:00+00:00,8753.15,8756.16,8732.65,8740.65,757
2026-06-03T13:00:00+00:00,8740.65,8747.16,8721.14,8740.14,1674
2026-06-03T14:00:00+00:00,8740.14,8753.14,8732.65,8746.66,1747
2026-06-03T15:00:00+00:00,8746.66,8750.16,8730.64,8734.66,1655
2026-06-03T16:00:00+00:00,8734.66,8736.65,8725.119999999999,8733.14,981.5128697656551
2026-06-03T17:00:00+00:00,8733.14,8739.14,8727.119999999999,8732.64,596
2026-06-03T18:00:00+00:00,8732.64,8738.14,8729.63,8734.119999999999,504
2026-06-03T19:00:00+00:00,8734.119999999999,8740.14,8728.119999999999,8730.14,766
2026-06-03T20:00:00+00:00,8730.14,8732.14,8713.119999999999,8714.43,623.6452615225272
2026-06-03T23:00:00+00:00,8719.57,8751.21,8702.57,8750.21,1120.6685019041588
2026-06-04T00:00:00+00:00,8750.21,8750.599999999999,8677.589999999998,8695.599999999999,3743
2026-06-04T01:00:00+00:00,8695.599999999999,8708.109999999999,8675.589999999998,8683.609999999999,2387
2026-06-04T02:00:00+00:00,8683.609999999999,8690.609999999999,8660.109999999999,8680.599999999999,1935
2026-06-04T03:00:00+00:00,8680.599999999999,8690.609999999999,8677.599999999999,8683.109999999999,989
2026-06-04T04:00:00+00:00,8683.109999999999,8693.099999999999,8679.089999999998,8691.589999999998,707
2026-06-04T05:00:00+00:00,8691.589999999998,8699.089999999998,8685.589999999998,8697.589999999998,1060
2026-06-04T06:00:00+00:00,8697.589999999998,8700.21,8682.199999999999,8690.509999999998,696
2026-06-04T07:00:00+00:00,8675.89,8697.59,8675.89,8688.08,788
2026-06-04T08:00:00+00:00,8688.08,8689.09,8670.57,8672.57,1526
2026-06-04T09:00:00+00:00,8672.57,8683.59,8659.07,8681.58,1311
2026-06-04T10:00:00+00:00,8681.58,8681.58,8654.08,8661.09,972
2026-06-04T11:00:00+00:00,8661.09,8697.59,8661.07,8696.07,1921
2026-06-04T12:00:00+00:00,8696.07,8705.08,8685.57,8700.09,1343
2026-06-04T13:00:00+00:00,8700.09,8724.58,8697.57,8718.58,1755
2026-06-04T14:00:00+00:00,8718.58,8726.59,8704.57,8704.57,1543
2026-06-04T15:00:00+00:00,8704.57,8705.58,8689.07,8702.59,969
2026-06-04T16:00:00+00:00,8702.59,8712.58,8701.58,8709.57,593.3452415812592
2026-06-04T17:00:00+00:00,8709.57,8715.59,8703.58,8705.59,354.25386551600144
2026-06-04T18:00:00+00:00,8705.59,8710.57,8702.57,8706.59,407.13015973735753
2026-06-04T19:00:00+00:00,8706.59,8711.57,8700.57,8707.57,387.98621389415985
2026-06-04T20:00:00+00:00,8707.57,8714.39,8702.59,8706.87,212.23952300447857
2026-06-04T23:00:00+00:00,8706.57,8708.57,8666.999999999998,8667.49,656.0344840084881
2026-06-05T00:00:00+00:00,8667.49,8669.909999999998,8593.909999999998,8606.909999999998,4277
2026-06-05T01:00:00+00:00,8606.909999999998,8613.909999999998,8584.9,8604.89,2814
2026-06-05T02:00:00+00:00,8604.89,8624.909999999998,8601.89,8603.909999999998,1458
2026-06-05T03:00:00+00:00,8603.909999999998,8604.909999999998,8588.89,8596.4,1296
2026-06-05T04:00:00+00:00,8596.4,8613.909999999998,8594.909999999998,8598.409999999998,1231
2026-06-05T05:00:00+00:00,8598.409999999998,8607.9,8592.39,8599.39,1434
2026-06-05T06:00:00+00:00,8599.39,8604.509999999998,8579.99,8586.81,866
2026-06-05T07:00:00+00:00,8612.11,8621.29,8605.29,8613.81,1051
2026-06-05T08:00:00+00:00,8613.81,8623.81,8602.3,8616.8,1256
2026-06-05T09:00:00+00:00,8616.8,8634.81,8616.79,8624.81,1795
2026-06-05T10:00:00+00:00,8624.81,8636.81,8619.8,8633.79,411.82588235294116
2026-06-05T11:00:00+00:00,8633.79,8636.81,8625.3,8632.31,678
2026-06-05T12:00:00+00:00,8632.31,8638.81,8591.1,8598.3,1447
2026-06-05T13:00:00+00:00,8598.3,8611.81,8567.3,8567.31,3299
2026-06-05T14:00:00+00:00,8567.31,8592.3,8560.3,8584.8,4464
2026-06-05T15:00:00+00:00,8584.8,8585.81,8542.270000000002,8542.78,2197.771253935914
2026-06-05T16:00:00+00:00,8542.78,8549.78,8529.770000000002,8548.78,2047
2026-06-05T17:00:00+00:00,8548.78,8554.29,8532.28,8549.270000000002,1955
2026-06-05T18:00:00+00:00,8549.270000000002,8551.29,8514.270000000002,8517.29,2492
2026-06-05T19:00:00+00:00,8517.29,8526.79,8494.770000000002,8518.770000000002,3942
2026-06-05T20:00:00+00:00,8518.770000000002,8519.28,8484.28,8493.770000000002,1079
2026-06-08T07:00:00+00:00,8494.29,8537.5,8494.29,8530.49,1917
2026-06-08T08:00:00+00:00,8530.49,8532,8500.48,8508.48,2653
2026-06-08T09:00:00+00:00,8508.48,8532.5,8502.98,8530.99,2128
2026-06-08T10:00:00+00:00,8530.99,8549.5,8518.98,8530.49,2006
2026-06-08T11:00:00+00:00,8530.49,8566,8522.98,8555.48,2853
2026-06-08T12:00:00+00:00,8555.48,8578.48,8554.5,8565,1606
2026-06-08T13:00:00+00:00,8565,8581.99,8550.48,8552,3876
2026-06-08T14:00:00+00:00,8552,8556.5,8525.98,8550.99,4071
2026-06-08T15:00:00+00:00,8550.99,8558.99,8535.98,8544.49,2494
2026-06-08T16:00:00+00:00,8544.49,8546,8534.48,8534.98,1877
2026-06-08T17:00:00+00:00,8534.98,8535.98,8518.98,8528.5,1810
2026-06-08T18:00:00+00:00,8528.5,8547,8528.5,8537,1396
2026-06-08T19:00:00+00:00,8537,8537.99,8518.98,8527,1956
2026-06-08T20:00:00+00:00,8527,8528,8518,8522.79,345
2026-06-08T23:00:00+00:00,8524.61,8536.61,8501.279999999999,8518.279999999999,1376.6071804903988
2026-06-09T00:00:00+00:00,8518.279999999999,8528.199999999999,8474.18,8514.19,5404
2026-06-09T01:00:00+00:00,8514.19,8566.18,8508.68,8565.18,4399
2026-06-09T02:00:00+00:00,8565.18,8584.19,8563.18,8576.18,2083
2026-06-09T03:00:00+00:00,8576.18,8597.699999999999,8576.18,8596.18,1665
2026-06-09T04:00:00+00:00,8596.18,8599.199999999999,8584.68,8592.68,999.8498498498499
2026-06-09T05:00:00+00:00,8592.68,8605.199999999999,8591.18,8598.69,1277
2026-06-09T06:00:00+00:00,8598.69,8599.8,8582.58,8584.6,840
2026-06-09T07:00:00+00:00,8600.78,8608.98,8591.96,8599.96,1486
2026-06-09T08:00:00+00:00,8599.96,8633.98,8596.96,8629.97,1492
2026-06-09T09:00:00+00:00,8629.97,8648.98,8628.96,8644.96,646.1220541681323
2026-06-09T10:00:00+00:00,8644.96,8646.97,8634.96,8642.47,1034.4359430604982
2026-06-09T11:00:00+00:00,8642.47,8644.98,8635.96,8638.46,515
2026-06-09T12:00:00+00:00,8638.46,8644.98,8630.97,8644.48,685
2026-06-09T13:00:00+00:00,8644.48,8671.47,8635.96,8655.48,1976
2026-06-09T14:00:00+00:00,8655.48,8661.47,8586.48,8609.97,6737
2026-06-09T15:00:00+00:00,8609.97,8613.48,8558.46,8560.98,7453
2026-06-09T16:00:00+00:00,8560.98,8576.97,8518.48,8544.98,10349
2026-06-09T17:00:00+00:00,8544.98,8596.97,8543.96,8590.46,5572
2026-06-09T18:00:00+00:00,8590.46,8614.48,8585.46,8612.97,3735
2026-06-09T19:00:00+00:00,8612.97,8619.48,8586.46,8611.96,4221
2026-06-09T20:00:00+00:00,8611.96,8617.48,8605.96,8609.28,696
2026-06-09T23:00:00+00:00,8611.61,8628.61,8565.86,8576.85,2427.626481139224
2026-06-10T00:00:00+00:00,8576.85,8648.25,8576.85,8645.75,5613
2026-06-10T01:00:00+00:00,8645.75,8667.26,8625.25,8631.76,5081
2026-06-10T02:00:00+00:00,8631.76,8637.27,8613.27,8614.26,3966
2026-06-10T03:00:00+00:00,8614.26,8631.76,8602.25,8608.26,3421
2026-06-10T04:00:00+00:00,8608.26,8614.27,8597.25,8598.25,2445
2026-06-10T05:00:00+00:00,8598.25,8637.26,8595.25,8635.27,3804
2026-06-10T06:00:00+00:00,8635.27,8647.15,8633.85,8645.65,936
2026-06-10T07:00:00+00:00,8656.82,8661.04,8641.04,8656.54,1433
2026-06-10T08:00:00+00:00,8656.54,8658.02,8619.02,8625.54,3199
2026-06-10T09:00:00+00:00,8625.54,8637.04,8614.02,8631.03,2732
2026-06-10T10:00:00+00:00,8631.03,8640.04,8617.53,8636.53,2622
2026-06-10T11:00:00+00:00,8636.53,8639.54,8583.52,8618.04,6666
2026-06-10T12:00:00+00:00,8618.04,8665.02,8615.02,8651.03,5047
2026-06-10T13:00:00+00:00,8651.03,8703.02,8646.02,8691.52,5782
2026-06-10T14:00:00+00:00,8691.52,8702.02,8666.02,8668.53,6081
2026-06-10T15:00:00+00:00,8668.53,8687.04,8626.33,8662.03,9026
2026-06-10T16:00:00+00:00,8662.03,8667.04,8638.03,8646.54,5650
2026-06-10T17:00:00+00:00,8646.54,8655.54,8625.52,8648.03,5535
2026-06-10T18:00:00+00:00,8648.03,8656.04,8619.02,8623.04,4065
2026-06-10T19:00:00+00:00,8623.04,8625.53,8601.02,8603.04,3989
2026-06-10T20:00:00+00:00,8603.04,8603.54,8583.81,8583.81,1370.9884650767815
2026-06-10T23:00:00+00:00,8567.61,8596.61,8552.61,8561.26,3458.891288504926
2026-06-11T00:00:00+00:00,8561.26,8599.68,8547.160000000002,8597.660000000002,7540
2026-06-11T01:00:00+00:00,8597.660000000002,8632.660000000002,8595.660000000002,8606.17,3957
2026-06-11T02:00:00+00:00,8606.17,8619.67,8581.660000000002,8601.68,1953
2026-06-11T03:00:00+00:00,8601.68,8626.18,8592.660000000002,8626.17,2573
2026-06-11T04:00:00+00:00,8626.17,8662.67,8625.660000000002,8657.18,2416
2026-06-11T05:00:00+00:00,8657.18,8658.68,8632.660000000002,8633.160000000002,2081
2026-06-11T06:00:00+00:00,8633.160000000002,8633.28,8616.26,8631.070000000002,1255
2026-06-11T07:00:00+00:00,8639.78,8692.99,8639.78,8684.48,1185
2026-06-11T08:00:00+00:00,8684.48,8701.49,8681.99,8685.99,1573
2026-06-11T09:00:00+00:00,8685.99,8694.48,8677.98,8690.97,1088
2026-06-11T10:00:00+00:00,8690.97,8694.98,8685.97,8688.98,1007
2026-06-11T11:00:00+00:00,8688.98,8696.99,8679.97,8695.49,1264
2026-06-11T12:00:00+00:00,8695.49,8695.98,8647.47,8680.47,5305
2026-06-11T13:00:00+00:00,8680.47,8726.99,8671.99,8711.48,5216
2026-06-11T14:00:00+00:00,8711.48,8723.49,8671.48,8673.97,6480
2026-06-11T15:00:00+00:00,8673.97,8699.49,8667.97,8687.47,5720
2026-06-11T16:00:00+00:00,8687.47,8698.49,8677.47,8677.49,3261
2026-06-11T17:00:00+00:00,8677.49,8762.99,8662.48,8751.47,9854
2026-06-11T18:00:00+00:00,8751.47,8756.99,8731.47,8752.47,4248
2026-06-11T19:00:00+00:00,8752.47,8787.49,8751.97,8783.99,3837
2026-06-11T20:00:00+00:00,8783.99,8789.98,8778.47,8783.28,838
2026-06-11T23:00:00+00:00,8797.039999999999,8803.01,8773.609999999999,8773.619999999999,3873.154464431241
2026-06-12T00:00:00+00:00,8773.619999999999,8809.02,8757.01,8800.51,4139
2026-06-12T01:00:00+00:00,8800.51,8812.029999999999,8783.01,8810.529999999999,3025
2026-06-12T02:00:00+00:00,8810.529999999999,8820.02,8799.029999999999,8803.029999999999,1572
2026-06-12T03:00:00+00:00,8803.029999999999,8814.029999999999,8796.51,8809.029999999999,1402
2026-06-12T04:00:00+00:00,8809.029999999999,8812.029999999999,8799.51,8809.52,1127
2026-06-12T05:00:00+00:00,8809.52,8815.029999999999,8790.01,8798.029999999999,1896
2026-06-12T06:00:00+00:00,8798.029999999999,8814.63,8796.13,8813.92,1316
2026-06-12T07:00:00+00:00,8805.69,8832.88,8782.88,8828.4,2016
2026-06-12T08:00:00+00:00,8828.4,8876.4,8826.88,8864.4,3040
2026-06-12T09:00:00+00:00,8864.4,8884.89,8862.38,8865.88,1841
2026-06-12T10:00:00+00:00,8865.88,8868.4,8833.39,8845.89,2013
2026-06-12T11:00:00+00:00,8845.89,8853.4,8839.38,8842.4,1391
2026-06-12T12:00:00+00:00,8842.4,8844.39,8799.39,8801.39,1998
2026-06-12T13:00:00+00:00,8801.39,8843.4,8799.38,8823.9,5786
2026-06-12T14:00:00+00:00,8823.9,8861.38,8820.89,8857.38,5941
2026-06-12T15:00:00+00:00,8857.38,8880.4,8849.39,8849.89,4185.635383757666
2026-06-12T16:00:00+00:00,8849.89,8873.41,8842.89,8864.39,3990
2026-06-12T17:00:00+00:00,8864.39,8875.39,8863.39,8864.91,1684
2026-06-12T18:00:00+00:00,8864.91,8870.89,8857.89,8858.91,1390
2026-06-12T19:00:00+00:00,8858.91,8866.89,8842.89,8851.9,1890
2026-06-12T20:00:00+00:00,8851.9,8853.91,8846.89,8847.41,198.69489559164734
2026-06-14T23:00:00+00:00,8847.9,8889.42,8847.9,8879.41,329
2026-06-15T00:00:00+00:00,8879.41,8935.8,8876.82,8925.82,3373
2026-06-15T01:00:00+00:00,8925.82,8931.31,8911.3,8926.31,1607
2026-06-15T02:00:00+00:00,8926.31,8928.82,8915.3,8924.81,851
2026-06-15T03:00:00+00:00,8924.81,8927.32,8915.8,8922.32,1018
2026-06-15T04:00:00+00:00,8922.32,8928.31,8910.81,8919.82,771
2026-06-15T05:00:00+00:00,8919.82,8927.82,8910.81,8915.3,898
2026-06-15T06:00:00+00:00,8915.3,8920.72,8907.4,8920.72,842
2026-06-15T07:00:00+00:00,8920.72,8932.91,8914.92,8921.42,1152
2026-06-15T08:00:00+00:00,8921.42,8927.41,8914.9,8918.42,1406
2026-06-15T09:00:00+00:00,8918.42,8921.92,8910.4,8918.42,900
2026-06-15T10:00:00+00:00,8918.42,8922.42,8912.4,8920.42,701
2026-06-15T11:00:00+00:00,8920.42,8928.42,8917.4,8921.4,921
2026-06-15T12:00:00+00:00,8921.4,8923.91,8914.4,8914.9,1091
2026-06-15T13:00:00+00:00,8914.9,8916.42,8884.4,8888.92,1647
2026-06-15T14:00:00+00:00,8888.92,8894.41,8864.9,8866.41,1871
2026-06-15T15:00:00+00:00,8866.41,8867.42,8851.4,8852.91,1565
2026-06-15T16:00:00+00:00,8852.91,8854.92,8824.7,8830.92,658
2026-06-15T17:00:00+00:00,8830.92,8830.92,8798.41,8805.41,740
2026-06-15T18:00:00+00:00,8805.41,8807.41,8771.71,8776.4,1029
2026-06-15T19:00:00+00:00,8776.4,8789.42,8768.4,8789.42,1293
2026-06-15T20:00:00+00:00,8789.42,8822.72,8786.42,8822.72,340
2026-06-15T23:00:00+00:00,8809.51,8853.59,8808.51,8852.88,1025.643359330289
2026-06-16T00:00:00+00:00,8852.88,8911.98,8835.99,8901.97,4275
2026-06-16T01:00:00+00:00,8901.97,8907.98,8870.89,8885.99,3046
2026-06-16T02:00:00+00:00,8885.99,8891.99,8873.47,8881.48,1440
2026-06-16T03:00:00+00:00,8881.48,8896.99,8881.48,8891.99,1195
2026-06-16T04:00:00+00:00,8891.99,8926.97,8889.99,8920.99,1334
2026-06-16T05:00:00+00:00,8920.99,8927.99,8912.98,8923.97,1557
2026-06-16T06:00:00+00:00,8923.97,8930.89,8920.58,8929.37,1059
2026-06-16T07:00:00+00:00,8920.2,8925.41,8902.4,8924.4,858
2026-06-16T08:00:00+00:00,8924.4,8951.4,8921.41,8948.41,778
2026-06-16T09:00:00+00:00,8948.41,8948.92,8929.4,8933.92,760.5767405063291
2026-06-16T10:00:00+00:00,8933.92,8936.92,8925.91,8930.91,645
2026-06-16T11:00:00+00:00,8930.91,8931.92,8917.9,8931.42,835
2026-06-16T12:00:00+00:00,8931.42,8934.91,8915.9,8923.41,1040
2026-06-16T13:00:00+00:00,8923.41,8929.42,8915.4,8924.9,1335
2026-06-16T14:00:00+00:00,8924.9,8937.4,8906.4,8910.9,1974
2026-06-16T15:00:00+00:00,8910.9,8928.42,8907.4,8921.42,2102
2026-06-16T16:00:00+00:00,8921.42,8928.92,8918.41,8920.9,1426
2026-06-16T17:00:00+00:00,8920.9,8926.92,8916.4,8926.4,923
2026-06-16T18:00:00+00:00,8926.4,8929.92,8919.4,8920.9,813
2026-06-16T19:00:00+00:00,8920.9,8923.4,8900.9,8903.92,977
2026-06-16T20:00:00+00:00,8903.92,8906.92,8887.7,8889.71,244
2026-06-16T23:00:00+00:00,8895.61,8906.61,8871.61,8889.350000000002,1207.5760161693906
2026-06-17T00:00:00+00:00,8889.350000000002,8928.750000000002,8886.650000000001,8907.750000000002,1867
2026-06-17T01:00:00+00:00,8907.750000000002,8972.760000000002,8899.750000000002,8972.270000000002,1345
2026-06-17T02:00:00+00:00,8972.270000000002,8980.770000000002,8963.770000000002,8968.750000000002,970
2026-06-17T03:00:00+00:00,8968.750000000002,8970.260000000002,8953.750000000002,8960.760000000002,549
2026-06-17T04:00:00+00:00,8960.760000000002,8974.270000000002,8950.770000000002,8963.770000000002,912
2026-06-17T05:00:00+00:00,8963.770000000002,8976.770000000002,8961.760000000002,8966.770000000002,894
2026-06-17T06:00:00+00:00,8966.770000000002,8975.37,8960.37,8969.150000000001,1045
2026-06-17T07:00:00+00:00,8961.25,8974.45,8960.45,8960.46,510
2026-06-17T08:00:00+00:00,8960.46,8963.46,8948.45,8956.95,679
2026-06-17T09:00:00+00:00,8956.95,8966.97,8956.45,8963.45,404
2026-06-17T10:00:00+00:00,8963.45,8966.45,8955.46,8959.96,485
2026-06-17T11:00:00+00:00,8959.96,8965.46,8944.95,8949.47,444
2026-06-17T12:00:00+00:00,8949.47,8964.46,8948.96,8954.97,602.26247848537
2026-06-17T13:00:00+00:00,8954.97,8961.47,8943.45,8956.46,849
2026-06-17T14:00:00+00:00,8956.46,8976.45,8940.95,8958.95,1415
2026-06-17T15:00:00+00:00,8958.95,8977.47,8956.45,8973.47,928
2026-06-17T16:00:00+00:00,8973.47,8975.97,8965.45,8971.45,592.3986042692939
2026-06-17T17:00:00+00:00,8971.45,8976.47,8961.47,8976.47,687
2026-06-17T18:00:00+00:00,8976.47,8976.47,8913.95,8937.95,4660
2026-06-17T19:00:00+00:00,8937.95,8947.46,8880.96,8884.95,3488
2026-06-17T20:00:00+00:00,8884.95,8899.96,8884.45,8895.26,512.8849819257312
2026-06-17T23:00:00+00:00,8906.71,8956.019999999999,8896.71,8947.499999999998,1792.8827544081207
2026-06-18T00:00:00+00:00,8947.499999999998,8995.419999999998,8936.419999999998,8944.4,4089
2026-06-18T01:00:00+00:00,8944.4,8957.409999999998,8928.9,8934.919999999998,2369
2026-06-18T02:00:00+00:00,8934.919999999998,8941.409999999998,8923.909999999998,8927.919999999998,1172
2026-06-18T03:00:00+00:00,8927.919999999998,8936.419999999998,8919.919999999998,8927.909999999998,1002
2026-06-18T04:00:00+00:00,8927.909999999998,8938.419999999998,8925.4,8925.4,1089
2026-06-18T05:00:00+00:00,8925.4,8945.909999999998,8919.419999999998,8930.419999999998,1201
2026-06-18T06:00:00+00:00,8930.419999999998,8930.419999999998,8912.999999999998,8924.8,1027
2026-06-18T07:00:00+00:00,8913.85,8936.06,8913.85,8923.07,949
2026-06-18T08:00:00+00:00,8923.07,8929.57,8887.55,8887.55,1120
2026-06-18T09:00:00+00:00,8887.55,8903.07,8881.06,8901.05,913
2026-06-18T10:00:00+00:00,8901.05,8902.06,8882.55,8885.05,808
2026-06-18T11:00:00+00:00,8885.05,8885.57,8863.55,8871.57,1403
2026-06-18T12:00:00+00:00,8871.57,8890.56,8868.55,8888.05,1035
2026-06-18T13:00:00+00:00,8888.05,8896.05,8868.55,8876.06,2144
2026-06-18T14:00:00+00:00,8876.06,8892.07,8870.06,8888.07,2229
2026-06-18T15:00:00+00:00,8888.07,8889.07,8865.05,8872.55,2083
2026-06-18T16:00:00+00:00,8872.55,8876.06,8865.05,8867.57,996
2026-06-18T17:00:00+00:00,8867.57,8878.05,8866.07,8874.56,561
2026-06-18T18:00:00+00:00,8874.56,8876.07,8867.55,8869.55,621
2026-06-18T19:00:00+00:00,8869.55,8876.07,8854.56,8865.55,1213
2026-06-18T20:00:00+00:00,8865.55,8870.07,8854.36,8854.36,249.5294130716967
2026-06-18T23:00:00+00:00,8857.71,8877.939999999999,8850.71,8867.419999999998,1007.8595538183456
2026-06-19T00:00:00+00:00,8867.419999999998,8870.339999999998,8827.829999999998,8841.319999999998,3520
2026-06-19T01:00:00+00:00,8841.319999999998,8843.339999999998,8823.819999999998,8835.319999999998,1418
2026-06-19T02:00:00+00:00,8835.319999999998,8848.829999999998,8828.339999999998,8833.839999999998,1014
2026-06-19T03:00:00+00:00,8833.839999999998,8836.829999999998,8821.319999999998,8829.829999999998,1324
2026-06-19T04:00:00+00:00,8829.829999999998,8830.839999999998,8816.319999999998,8819.339999999998,984.6129234629861
2026-06-19T05:00:00+00:00,8819.339999999998,8838.339999999998,8817.319999999998,8837.319999999998,1210
2026-06-19T06:00:00+00:00,8837.319999999998,8855.239999999998,8830.419999999998,8853.72,1303
2026-06-19T07:00:00+00:00,8838.87,8855.08,8838.87,8852.57,527
2026-06-19T08:00:00+00:00,8852.57,8861.57,8846.07,8859.09,528.9225289403385
2026-06-19T09:00:00+00:00,8859.09,8863.09,8839.58,8843.07,743
2026-06-19T10:00:00+00:00,8843.07,8844.08,8827.07,8835.08,612
2026-06-19T11:00:00+00:00,8835.08,8838.07,8826.09,8834.58,533
2026-06-19T12:00:00+00:00,8834.58,8851.09,8823.09,8849.58,836
2026-06-19T13:00:00+00:00,8849.58,8852.09,8827.58,8831.08,1226.877192982456
2026-06-19T14:00:00+00:00,8831.08,8833.58,8817.07,8819.59,694
2026-06-19T15:00:00+00:00,8819.59,8832.09,8819.59,8826.07,903
2026-06-19T16:00:00+00:00,8826.07,8829.59,8816.57,8817.59,287.97161774492497
2026-06-19T17:00:00+00:00,8817.59,8824.59,8817.57,8824.58,132.7210917529694
2026-06-19T18:00:00+00:00,8824.58,8826.59,8822.07,8822.08,133.2980842850535
2026-06-19T19:00:00+00:00,8822.08,8822.09,8816.08,8816.08,209.08228169293335
2026-06-19T20:00:00+00:00,8816.08,8818.09,8816.07,8817.59,174.06134451939414
2026-06-21T23:00:00+00:00,8818.09,8818.09,8789.1,8802.09,243
2026-06-22T00:00:00+00:00,8802.09,8843.01,8793.99,8838.5,2675
2026-06-22T01:00:00+00:00,8838.5,8852.99,8827.49,8832.5,1659
2026-06-22T02:00:00+00:00,8832.5,8842.01,8825.51,8829.49,1074
2026-06-22T03:00:00+00:00,8829.49,8829.49,8817.49,8821.51,990
2026-06-22T04:00:00+00:00,8821.51,8829.5,8813.5,8819.5,965
2026-06-22T05:00:00+00:00,8819.5,8827.51,8817.49,8824.5,816
2026-06-22T06:00:00+00:00,8824.5,8825.6,8809.1,8824.91,772
2026-06-22T07:00:00+00:00,8824.91,8828.11,8810.41,8811.59,607
2026-06-22T08:00:00+00:00,8811.59,8819.11,8804.09,8818.11,737
2026-06-22T09:00:00+00:00,8818.11,8838.09,8814.09,8825.61,814
2026-06-22T10:00:00+00:00,8825.61,8840.1,8825.59,8836.1,836
2026-06-22T11:00:00+00:00,8836.1,8851.09,8834.09,8846.6,1234
2026-06-22T12:00:00+00:00,8846.6,8854.11,8843.09,8846.11,851
2026-06-22T13:00:00+00:00,8846.11,8874.11,8844.09,8869.11,2108
2026-06-22T14:00:00+00:00,8869.11,8869.11,8840.59,8847.11,2550
2026-06-22T15:00:00+00:00,8847.11,8855.09,8837.6,8841.6,2109
2026-06-22T16:00:00+00:00,8841.6,8848.11,8835.1,8846.09,1519
2026-06-22T17:00:00+00:00,8846.09,8851.11,8834.09,8847.6,849
2026-06-22T18:00:00+00:00,8847.6,8854.11,8843.11,8845.11,785.7303321678321
2026-06-22T19:00:00+00:00,8845.11,8846.11,8835.59,8845.11,929
2026-06-22T20:00:00+00:00,8845.11,8847.61,8842.41,8842.41,157
2026-06-22T23:00:00+00:00,8825.71,8842.71,8814.019999999999,8818.529999999999,1003.3638146056301
2026-06-23T00:00:00+00:00,8818.529999999999,8838.929999999998,8783.92,8817.939999999999,3198
2026-06-23T01:00:00+00:00,8817.939999999999,8822.929999999998,8795.92,8809.439999999999,2287
2026-06-23T02:00:00+00:00,8809.439999999999,8820.939999999999,8798.92,8812.92,1936
2026-06-23T03:00:00+00:00,8812.92,8813.939999999999,8786.439999999999,8810.429999999998,1672
2026-06-23T04:00:00+00:00,8810.429999999998,8818.939999999999,8772.42,8774.929999999998,1384
2026-06-23T05:00:00+00:00,8774.929999999998,8783.939999999999,8764.92,8772.939999999999,1739
2026-06-23T06:00:00+00:00,8772.939999999999,8783.039999999999,8750.82,8753.33,1352
2026-06-23T07:00:00+00:00,8768.03,8774.24,8745.22,8747.24,1706
2026-06-23T08:00:00+00:00,8747.24,8748.72,8731.22,8739.22,2881
2026-06-23T09:00:00+00:00,8739.22,8763.24,8739.22,8762.24,1489
2026-06-23T10:00:00+00:00,8762.24,8772.24,8752.72,8755.72,1631
2026-06-23T11:00:00+00:00,8755.72,8780.24,8754.22,8776.22,1706
2026-06-23T12:00:00+00:00,8776.22,8781.22,8766.22,8773.24,1642
2026-06-23T13:00:00+00:00,8773.24,8814.74,8767.24,8814.72,3488
2026-06-23T14:00:00+00:00,8814.72,8833.24,8807.22,8818.23,3241
2026-06-23T15:00:00+00:00,8818.23,8824.23,8802.22,8819.24,2712
2026-06-23T16:00:00+00:00,8819.24,8833.24,8818.22,8827.23,1527
2026-06-23T17:00:00+00:00,8827.23,8835.23,8819.72,8820.24,1422
2026-06-23T18:00:00+00:00,8820.24,8825.74,8803.22,8808.24,1478
2026-06-23T19:00:00+00:00,8808.24,8817.24,8798.72,8798.72,2311
2026-06-23T20:00:00+00:00,8798.72,8804.24,8795.72,8800.03,366
2026-06-23T23:00:00+00:00,8793.26,8819.26,8778.26,8794.5,2097.3345563571283
2026-06-24T00:00:00+00:00,8794.5,8811.9,8781.4,8790.38,4440
2026-06-24T01:00:00+00:00,8790.38,8823.38,8783.89,8816.4,2730
2026-06-24T02:00:00+00:00,8816.4,8818.4,8785.9,8786.88,1755
2026-06-24T03:00:00+00:00,8786.88,8806.4,8783.4,8802.4,2414
2026-06-24T04:00:00+00:00,8802.4,8802.9,8781.88,8794.39,1652
2026-06-24T05:00:00+00:00,8794.39,8810.4,8790.39,8802.4,1267
2026-06-24T06:00:00+00:00,8802.4,8810,8794.99,8803.789999999999,661
2026-06-24T07:00:00+00:00,8810.56,8824.75,8801.06,8811.76,1361
2026-06-24T08:00:00+00:00,8811.76,8822.27,8810.76,8814.77,1552
2026-06-24T09:00:00+00:00,8814.77,8819.27,8799.27,8808.26,1479
2026-06-24T10:00:00+00:00,8808.26,8811.26,8799.75,8800.76,1354
2026-06-24T11:00:00+00:00,8800.76,8809.77,8790.27,8807.75,1463
2026-06-24T12:00:00+00:00,8807.75,8815.77,8796.76,8797.77,1532
2026-06-24T13:00:00+00:00,8797.77,8812.77,8778.26,8806.77,4270
2026-06-24T14:00:00+00:00,8806.77,8816.77,8788.76,8816.77,3743
2026-06-24T15:00:00+00:00,8816.77,8816.77,8797.76,8809.27,2480
2026-06-24T16:00:00+00:00,8809.27,8817.24,8794.74,8797.25,2022.8590925857616
2026-06-24T17:00:00+00:00,8797.25,8802.26,8771.74,8772.74,3016
2026-06-24T18:00:00+00:00,8772.74,8791.76,8771.74,8775.74,3026
2026-06-24T19:00:00+00:00,8775.74,8801.25,8767.25,8790.24,3070
2026-06-24T20:00:00+00:00,8790.24,8831.26,8785.74,8821.539999999999,1206
2026-06-24T23:00:00+00:00,8820.56,8828.56,8789.89,8793.39,2334.7743839512304
2026-06-25T00:00:00+00:00,8793.39,8801.79,8749.78,8757.79,3761
2026-06-25T01:00:00+00:00,8757.79,8793.29,8753.77,8775.78,2778
2026-06-25T02:00:00+00:00,8775.78,8778.78,8762.28,8772.29,1558
2026-06-25T03:00:00+00:00,8772.29,8778.29,8760.27,8768.28,1263
2026-06-25T04:00:00+00:00,8768.28,8770.28,8750.79,8754.29,939
2026-06-25T05:00:00+00:00,8754.29,8778.28,8741.27,8747.79,1391
2026-06-25T06:00:00+00:00,8747.79,8758.89,8745.37,8754.69,934
2026-06-25T07:00:00+00:00,8764.68,8783.88,8759.86,8782.88,772
2026-06-25T08:00:00+00:00,8782.88,8801.38,8778.87,8790.87,841
2026-06-25T09:00:00+00:00,8790.87,8803.38,8790.87,8794.86,627
2026-06-25T10:00:00+00:00,8794.86,8795.88,8789.36,8793.87,739
2026-06-25T11:00:00+00:00,8793.87,8797.37,8781.36,8783.86,745
2026-06-25T12:00:00+00:00,8783.86,8807.87,8782.86,8799.86,2146
2026-06-25T13:00:00+00:00,8799.86,8808.38,8759.38,8761.88,4985
2026-06-25T14:00:00+00:00,8761.88,8810.36,8761.37,8797.37,7383
2026-06-25T15:00:00+00:00,8797.37,8804.88,8773.36,8789.88,5218
2026-06-25T16:00:00+00:00,8789.88,8807.88,8779.37,8785.36,3076
2026-06-25T17:00:00+00:00,8785.36,8793.86,8774.86,8783.37,3019
2026-06-25T18:00:00+00:00,8783.37,8787.88,8765.86,8775.88,3044
2026-06-25T19:00:00+00:00,8775.88,8776.87,8766.38,8774.87,2724
2026-06-25T20:00:00+00:00,8774.87,8783.86,8768.86,8771.67,678.2581229330319
2026-06-25T23:00:00+00:00,8763.61,8796.35,8734.980000000001,8746.49,3312.2247293158007
2026-06-26T00:00:00+00:00,8746.49,8766.890000000001,8733.37,8741.380000000001,5295
2026-06-26T01:00:00+00:00,8741.380000000001,8764.87,8729.87,8755.37,4434
2026-06-26T02:00:00+00:00,8755.37,8765.880000000001,8716.37,8723.390000000001,2535
2026-06-26T03:00:00+00:00,8723.390000000001,8736.880000000001,8698.87,8736.380000000001,2688
2026-06-26T04:00:00+00:00,8736.380000000001,8745.890000000001,8730.87,8744.87,2255
2026-06-26T05:00:00+00:00,8744.87,8761.880000000001,8739.87,8753.390000000001,1746
2026-06-26T06:00:00+00:00,8753.390000000001,8763.29,8746.970000000001,8763.29,1087
2026-06-26T07:00:00+00:00,8778.35,8804.54,8778.35,8803.03,1032
2026-06-26T08:00:00+00:00,8803.03,8810.05,8771.85,8779.53,1785
2026-06-26T09:00:00+00:00,8779.53,8789.05,8770.05,8781.55,2060
2026-06-26T10:00:00+00:00,8781.55,8786.55,8771.54,8784.55,1712
2026-06-26T11:00:00+00:00,8784.55,8789.55,8766.54,8772.54,1849
2026-06-26T12:00:00+00:00,8772.54,8787.04,8761.03,8768.53,2029
2026-06-26T13:00:00+00:00,8768.53,8795.55,8745.53,8795.05,5192
2026-06-26T14:00:00+00:00,8795.05,8814.55,8789.04,8800.53,4248
2026-06-26T15:00:00+00:00,8800.53,8830.84,8791.53,8824.03,3289.935051943055
2026-06-26T16:00:00+00:00,8824.03,8826.53,8803.03,8816.53,2538
2026-06-26T17:00:00+00:00,8816.53,8828.05,8811.03,8812.53,1682
2026-06-26T18:00:00+00:00,8812.53,8818.05,8802.03,8804.54,1646
2026-06-26T19:00:00+00:00,8804.54,8816.05,8794.53,8795.04,2402
2026-06-26T20:00:00+00:00,8795.04,8808.05,8791.03,8794.54,1218
2026-06-28T23:00:00+00:00,8795.04,8817.96,8786.46,8786.46,254
2026-06-29T00:00:00+00:00,8786.46,8834.34,8778.34,8804.84,6225
2026-06-29T01:00:00+00:00,8804.84,8807.34,8776.86,8786.84,4313
2026-06-29T02:00:00+00:00,8786.84,8793.36,8772.84,8789.35,1957
2026-06-29T03:00:00+00:00,8789.35,8804.36,8787.34,8803.35,1317
2026-06-29T04:00:00+00:00,8803.35,8808.85,8797.34,8799.85,806
2026-06-29T05:00:00+00:00,8799.85,8822.36,8798.84,8820.35,974
2026-06-29T06:00:00+00:00,8820.35,8837.96,8817.94,8834.24,797
2026-06-29T07:00:00+00:00,8834.24,8854.45,8822.45,8845.95,1026
2026-06-29T08:00:00+00:00,8845.95,8851.95,8813.44,8814.94,1518
2026-06-29T09:00:00+00:00,8814.94,8824.44,8811.44,8817.94,1388
2026-06-29T10:00:00+00:00,8817.94,8828.96,8811.94,8827.94,1024
2026-06-29T11:00:00+00:00,8827.94,8834.46,8819.95,8830.96,1223
2026-06-29T12:00:00+00:00,8830.96,8834.96,8818.44,8830.96,1225
2026-06-29T13:00:00+00:00,8830.96,8843.94,8817.94,8821.95,2837
2026-06-29T14:00:00+00:00,8821.95,8825.95,8788.45,8816.96,5287
2026-06-29T15:00:00+00:00,8816.96,8832.95,8806.94,8832.95,2160
2026-06-29T16:00:00+00:00,8832.95,8840.96,8829.96,8837.44,569
2026-06-29T17:00:00+00:00,8837.44,8846.94,8837.44,8841.96,618.2950690335306
2026-06-29T18:00:00+00:00,8841.96,8846.94,8838.94,8843.96,480
2026-06-29T19:00:00+00:00,8843.96,8845.45,8827.94,8838.94,642
2026-06-29T20:00:00+00:00,8838.94,8839.45,8831.44,8836.24,238
2026-06-29T23:00:00+00:00,8825.09,8839.09,8814.380000000001,8824.380000000001,1053.5628907899845
2026-06-30T00:00:00+00:00,8824.380000000001,8828.78,8808.26,8820.76,3139
2026-06-30T01:00:00+00:00,8820.76,8829.78,8808.76,8826.26,1822
2026-06-30T02:00:00+00:00,8826.26,8827.78,8808.76,8815.27,1024
2026-06-30T03:00:00+00:00,8815.27,8821.78,8808.26,8816.78,779
2026-06-30T04:00:00+00:00,8816.78,8820.78,8798.76,8799.76,655
2026-06-30T05:00:00+00:00,8799.76,8804.77,8781.78,8782.28,754
2026-06-30T06:00:00+00:00,8782.28,8784.880000000001,8763.37,8774.68,810
2026-06-30T07:00:00+00:00,8788.83,8805.03,8784.03,8796.03,683
2026-06-30T08:00:00+00:00,8796.03,8803.02,8778.51,8786.01,1173
2026-06-30T09:00:00+00:00,8786.01,8803.02,8784.53,8801.52,800
2026-06-30T10:00:00+00:00,8801.52,8811.52,8800.51,8808.02,576
2026-06-30T11:00:00+00:00,8808.02,8809.53,8800.01,8800.53,578
2026-06-30T12:00:00+00:00,8800.53,8800.53,8777.53,8784.53,884
2026-06-30T13:00:00+00:00,8784.53,8801.03,8776.53,8801.02,1436.0771558245083
2026-06-30T14:00:00+00:00,8801.02,8818.52,8784.51,8786.53,1363
2026-06-30T15:00:00+00:00,8786.53,8807.02,8785.03,8794.52,1250
2026-06-30T16:00:00+00:00,8794.52,8796.53,8790.52,8791.52,433.18829418559875
2026-06-30T17:00:00+00:00,8791.52,8797.53,8785.51,8795.51,329.5623003194888
2026-06-30T18:00:00+00:00,8795.51,8799.53,8792.02,8799.02,299.1262433052793
2026-06-30T19:00:00+00:00,8799.02,8803.53,8794.53,8801.51,728
2026-06-30T20:00:00+00:00,8801.51,8801.53,8792.51,8798.31,782.8778195488721
2026-06-30T23:00:00+00:00,8797.01,8806.01,8776.539999999999,8794.06,879.144611541996
2026-07-01T00:00:00+00:00,8794.06,8796.46,8725.96,8758.96,3323
2026-07-01T01:00:00+00:00,8758.96,8772.949999999999,8741.449999999999,8745.46,2475
2026-07-01T02:00:00+00:00,8745.46,8753.949999999999,8722.44,8736.949999999999,1845
2026-07-01T03:00:00+00:00,8736.949999999999,8745.96,8727.94,8731.949999999999,1032
2026-07-01T04:00:00+00:00,8731.949999999999,8734.96,8714.949999999999,8730.46,982
2026-07-01T05:00:00+00:00,8730.46,8735.96,8718.94,8728.46,971
2026-07-01T06:00:00+00:00,8728.46,8728.46,8711.55,8720.34,634
2026-07-01T07:00:00+00:00,8724.52,8724.52,8698.72,8715.72,863
2026-07-01T08:00:00+00:00,8715.72,8723.73,8711.24,8719.74,793
2026-07-01T09:00:00+00:00,8719.74,8722.23,8711.22,8712.73,602.2227777777778
2026-07-01T10:00:00+00:00,8712.73,8713.73,8700.23,8704.74,510
2026-07-01T11:00:00+00:00,8704.74,8710.74,8696.73,8697.73,609.2256244963739
2026-07-01T12:00:00+00:00,8697.73,8699.24,8681.72,8688.74,1183
2026-07-01T13:00:00+00:00,8688.74,8718.24,8679.24,8709.72,2898
2026-07-01T14:00:00+00:00,8709.72,8732.24,8705.72,8708.72,1552
2026-07-01T15:00:00+00:00,8708.72,8721.74,8702.73,8720.74,1110
2026-07-01T16:00:00+00:00,8720.74,8730.23,8711.72,8712.72,619
2026-07-01T17:00:00+00:00,8712.72,8718.73,8705.22,8705.22,624
2026-07-01T18:00:00+00:00,8705.22,8706.73,8692.72,8703.72,589.6789772727273
2026-07-01T19:00:00+00:00,8703.72,8715.72,8703.72,8708.74,561
2026-07-01T20:00:00+00:00,8708.74,8708.74,8698.73,8700.24,322.7854778910935
2026-07-01T23:00:00+00:00,8710.21,8722.4,8688.21,8717.38,890.7918775305874
2026-07-02T00:00:00+00:00,8717.38,8721.289999999999,8671.789999999999,8713.779999999999,4344
2026-07-02T01:00:00+00:00,8713.779999999999,8741.779999999999,8710.779999999999,8726.8,2335
2026-07-02T02:00:00+00:00,8726.8,8731.8,8715.779999999999,8720.789999999999,1073
2026-07-02T03:00:00+00:00,8720.789999999999,8733.779999999999,8716.779999999999,8731.279999999999,992
2026-07-02T04:00:00+00:00,8731.279999999999,8733.8,8715.779999999999,8725.789999999999,1064
2026-07-02T05:00:00+00:00,8725.789999999999,8733.789999999999,8720.8,8721.789999999999,914
2026-07-02T06:00:00+00:00,8721.789999999999,8731.38,8720.9,8729.179999999998,821
2026-07-02T07:00:00+00:00,8725.21,8746.93,8714.92,8744.91,904
2026-07-02T08:00:00+00:00,8744.91,8771.43,8742.91,8765.92,1103
2026-07-02T09:00:00+00:00,8765.92,8765.92,8758.41,8761.41,503
2026-07-02T10:00:00+00:00,8761.41,8770.43,8756.41,8766.93,493
2026-07-02T11:00:00+00:00,8766.93,8772.93,8757.43,8757.43,447.4204630321135
2026-07-02T12:00:00+00:00,8757.43,8799.43,8754.42,8783.93,1695
2026-07-02T13:00:00+00:00,8783.93,8825.43,8778.42,8817.43,2411
2026-07-02T14:00:00+00:00,8817.43,8817.93,8782.41,8795.42,4203
2026-07-02T15:00:00+00:00,8795.42,8798.43,8764.92,8768.43,4471
2026-07-02T16:00:00+00:00,8768.43,8773.42,8746.91,8752.41,2089
2026-07-02T17:00:00+00:00,8752.41,8753.43,8725.41,8727.41,1935
2026-07-02T18:00:00+00:00,8727.41,8756.42,8724.43,8754.42,1365
2026-07-02T19:00:00+00:00,8754.42,8779.43,8740.41,8776.43,1522
2026-07-02T20:00:00+00:00,8776.43,8776.43,8766.92,8769.21,302.490495968379
2026-07-02T23:00:00+00:00,8775.71,8796.52,8770.71,8787.990000000002,1786.1276480213164
2026-07-03T00:00:00+00:00,8787.990000000002,8812.880000000001,8775.37,8810.390000000001,3415
2026-07-03T01:00:00+00:00,8810.390000000001,8862.37,8809.37,8831.880000000001,2074
2026-07-03T02:00:00+00:00,8831.880000000001,8865.380000000001,8831.880000000001,8864.390000000001,938
2026-07-03T03:00:00+00:00,8864.390000000001,8868.390000000001,8855.380000000001,8866.380000000001,764
2026-07-03T04:00:00+00:00,8866.380000000001,8875.380000000001,8865.37,8872.880000000001,523
2026-07-03T05:00:00+00:00,8872.880000000001,8878.390000000001,8861.890000000001,8863.37,584
2026-07-03T06:00:00+00:00,8863.37,8874.490000000002,8859.970000000001,8864.28,682
2026-07-03T07:00:00+00:00,8845.65,8848.86,8830.34,8830.35,654
2026-07-03T08:00:00+00:00,8830.35,8830.86,8800.34,8802.34,697
2026-07-03T09:00:00+00:00,8802.34,8805.35,8794.34,8797.86,717
2026-07-03T10:00:00+00:00,8797.86,8805.86,8796.36,8805.86,311.5534009533311
2026-07-03T11:00:00+00:00,8805.86,8809.36,8799.35,8809.36,485.7519379844961
2026-07-03T12:00:00+00:00,8809.36,8819.86,8808.86,8819.84,361.848766363303
2026-07-03T13:00:00+00:00,8819.84,8831.86,8813.34,8827.34,376
2026-07-03T14:00:00+00:00,8827.34,8835.85,8824.84,8833.84,470.46663783661825
2026-07-03T15:00:00+00:00,8833.84,8835.35,8823.85,8827.34,402.3269748988828
2026-07-03T16:00:00+00:00,8827.34,8828.85,8820.84,8823.36,164.0379258494676
2026-07-03T17:00:00+00:00,8823.36,8823.85,8821.34,8821.36,117.29024920923084
2026-07-03T18:00:00+00:00,8821.36,8821.86,8819.35,8819.86,169.82607053532374
2026-07-03T19:00:00+00:00,8819.86,8820.86,8814.34,8814.34,195.64381594433237
2026-07-03T20:00:00+00:00,8814.34,8814.36,8807.84,8811.35,156.89689002331068
2026-07-05T23:00:00+00:00,8807.85,8830.38,8807.85,8827.36,208
2026-07-06T00:00:00+00:00,8827.36,8862.78,8821.76,8855.76,2030
2026-07-06T01:00:00+00:00,8855.76,8863.78,8846.76,8853.77,1340
2026-07-06T02:00:00+00:00,8853.77,8859.27,8833.27,8834.76,1071
2026-07-06T03:00:00+00:00,8834.76,8837.78,8824.26,8828.26,756
2026-07-06T04:00:00+00:00,8828.26,8840.78,8825.76,8839.27,488
2026-07-06T05:00:00+00:00,8839.27,8840.27,8825.76,8827.27,656
2026-07-06T06:00:00+00:00,8827.27,8834.38,8819.37,8829.17,652
2026-07-06T07:00:00+00:00,8829.17,8864.37,8829.17,8863.37,501
2026-07-06T08:00:00+00:00,8863.37,8866.88,8848.38,8849.87,635.0011818376229
2026-07-06T09:00:00+00:00,8849.87,8849.87,8836.36,8839.38,447.7152388330654
2026-07-06T10:00:00+00:00,8839.38,8844.88,8834.36,8835.37,411.0457343887423
2026-07-06T11:00:00+00:00,8835.37,8835.37,8820.38,8821.36,396
2026-07-06T12:00:00+00:00,8821.36,8830.38,8819.86,8823.36,502.3171456888008
2026-07-06T13:00:00+00:00,8823.36,8831.88,8813.87,8816.38,1027
2026-07-06T14:00:00+00:00,8816.38,8832.37,8811.36,8824.36,1031
2026-07-06T15:00:00+00:00,8824.36,8826.38,8816.38,8821.86,488.4421768707483
2026-07-06T16:00:00+00:00,8821.86,8822.87,8815.37,8815.88,335.2225584751925
2026-07-06T17:00:00+00:00,8815.88,8822.87,8809.86,8812.37,339.8461538461538
2026-07-06T18:00:00+00:00,8812.37,8822.38,8812.36,8820.37,253.7281179687828
2026-07-06T19:00:00+00:00,8820.37,8824.38,8814.37,8820.88,426.2555464256368
2026-07-06T20:00:00+00:00,8820.88,8831.67,8820.36,8831.67,138
2026-07-06T23:00:00+00:00,8813.41,8821.41,8791.039999999999,8802.36,613.8007649261764
2026-07-07T00:00:00+00:00,8802.36,8813.24,8770.25,8781.76,1887
2026-07-07T01:00:00+00:00,8781.76,8828.26,8780.74,8814.75,1489
2026-07-07T02:00:00+00:00,8814.75,8819.26,8794.76,8795.24,777
2026-07-07T03:00:00+00:00,8795.24,8800.26,8776.74,8788.26,1036
2026-07-07T04:00:00+00:00,8788.26,8790.26,8771.25,8773.76,651.1714417744917
2026-07-07T05:00:00+00:00,8773.76,8789.24,8767.24,8786.76,1073
2026-07-07T06:00:00+00:00,8786.76,8786.85,8773.84,8782.66,606
2026-07-07T07:00:00+00:00,8802.42,8817.61,8802.42,8815.6,298.21086675291076
2026-07-07T08:00:00+00:00,8815.6,8833.11,8814.61,8818.62,525
2026-07-07T09:00:00+00:00,8818.62,8824.62,8814.61,8822.61,436
2026-07-07T10:00:00+00:00,8822.61,8829.62,8815.61,8819.1,393.38911128903123
2026-07-07T11:00:00+00:00,8819.1,8820.62,8810.61,8819.62,508
2026-07-07T12:00:00+00:00,8819.62,8836.61,8818.6,8828.6,703
2026-07-07T13:00:00+00:00,8828.6,8838.62,8804.1,8810.61,1244
2026-07-07T14:00:00+00:00,8810.61,8815.6,8778.6,8788.61,2678
2026-07-07T15:00:00+00:00,8788.61,8791.62,8774.6,8778.61,1486.6226474278544
2026-07-07T16:00:00+00:00,8778.61,8796.61,8778.11,8794.11,718
2026-07-07T17:00:00+00:00,8794.11,8801.11,8789.1,8799.1,607
2026-07-07T18:00:00+00:00,8799.1,8800.1,8782.61,8784.1,977.2458210422812
2026-07-07T19:00:00+00:00,8784.1,8785.12,8763.6,8773.62,2142
2026-07-07T20:00:00+00:00,8773.62,8773.62,8760.9,8763.9,211
2026-07-07T23:00:00+00:00,8755.51,8771.51,8723.5,8725.51,1573.4311141222238
2026-07-08T00:00:00+00:00,8725.51,8733.42,8666.42,8703.41,3951
2026-07-08T01:00:00+00:00,8703.41,8719.92,8685.900000000001,8718.400000000001,2285
2026-07-08T02:00:00+00:00,8718.400000000001,8719.91,8687.900000000001,8710.41,1657
2026-07-08T03:00:00+00:00,8710.41,8747.42,8710.41,8729.92,921
2026-07-08T04:00:00+00:00,8729.92,8757.91,8727.900000000001,8753.900000000001,1056
2026-07-08T05:00:00+00:00,8753.900000000001,8762.91,8748.91,8757.92,1141
2026-07-08T06:00:00+00:00,8757.92,8778.51,8752.5,8771.310000000001,1048
2026-07-08T07:00:00+00:00,8775.7,8775.7,8731.39,8740.9,1168
2026-07-08T08:00:00+00:00,8740.9,8747.41,8648.39,8648.91,5292
2026-07-08T09:00:00+00:00,8648.91,8660.89,8629.39,8643.4,2643
2026-07-08T10:00:00+00:00,8643.4,8673.41,8642.89,8666.4,1860
2026-07-08T11:00:00+00:00,8666.4,8697.4,8658.39,8686.89,2338
2026-07-08T12:00:00+00:00,8686.89,8719.91,8680.9,8703.9,1977
2026-07-08T13:00:00+00:00,8703.9,8730.41,8699.39,8723.4,2932
2026-07-08T14:00:00+00:00,8723.4,8726.91,8686.9,8693.89,3512
2026-07-08T15:00:00+00:00,8693.89,8694.41,8664.9,8678.91,2340
2026-07-08T16:00:00+00:00,8678.91,8723.4,8678.9,8722.4,2233
2026-07-08T17:00:00+00:00,8722.4,8729.91,8716.89,8720.9,929
2026-07-08T18:00:00+00:00,8720.9,8731.4,8717.4,8728.9,1141
2026-07-08T19:00:00+00:00,8728.9,8739.91,8722.89,8731.9,1090
2026-07-08T20:00:00+00:00,8731.9,8731.9,8718.41,8725.69,235.68382066126318
2026-07-08T23:00:00+00:00,8723.31,8733.31,8694.39,8699.4,1287.2576353756917
2026-07-09T00:00:00+00:00,8699.4,8715.31,8687.289999999999,8710.789999999999,2053
2026-07-09T01:00:00+00:00,8710.789999999999,8725.81,8701.3,8712.289999999999,1500
2026-07-09T02:00:00+00:00,8712.289999999999,8734.31,8704.289999999999,8704.789999999999,1454
2026-07-09T03:00:00+00:00,8704.789999999999,8728.3,8700.3,8723.81,1164
2026-07-09T04:00:00+00:00,8723.81,8737.31,8722.289999999999,8730.789999999999,782
2026-07-09T05:00:00+00:00,8730.789999999999,8746.31,8724.289999999999,8746.289999999999,1242
2026-07-09T06:00:00+00:00,8746.289999999999,8750.4,8738.9,8747.199999999999,623
2026-07-09T07:00:00+00:00,8760.71,8763.41,8750.4,8755.41,703
2026-07-09T08:00:00+00:00,8755.41,8760.91,8738.4,8742.41,945
2026-07-09T09:00:00+00:00,8742.41,8744.42,8720.41,8729.4,979
2026-07-09T10:00:00+00:00,8729.4,8733.92,8712.4,8722.4,1096
2026-07-09T11:00:00+00:00,8722.4,8733.91,8714.92,8729.9,1098
2026-07-09T12:00:00+00:00,8729.9,8746.41,8726.92,8735.92,955.9422792303898
2026-07-09T13:00:00+00:00,8735.92,8765.9,8735.92,8755.42,1343
2026-07-09T14:00:00+00:00,8755.42,8771.91,8747.9,8771.4,2048
2026-07-09T15:00:00+00:00,8771.4,8775.92,8761.41,8764.9,786
2026-07-09T16:00:00+00:00,8764.9,8772.4,8764.9,8767.91,382.1485510638796
2026-07-09T17:00:00+00:00,8767.91,8777.42,8767.91,8774.92,276.96385542168673
2026-07-09T18:00:00+00:00,8774.92,8775.42,8767.92,8769.42,446.01445244825385
2026-07-09T19:00:00+00:00,8769.42,8770.42,8758.4,8764.4,453.8196721311475
2026-07-09T20:00:00+00:00,8764.4,8766.42,8759.4,8766.2,199.04952438043233
2026-07-09T23:00:00+00:00,8758.01,8767.01,8740.119999999999,8748.13,658.6137348696894
2026-07-10T00:00:00+00:00,8748.13,8761.039999999999,8737.019999999999,8758.519999999999,1757
2026-07-10T01:00:00+00:00,8758.519999999999,8796.039999999999,8758.519999999999,8794.019999999999,656
2026-07-10T02:00:00+00:00,8794.019999999999,8812.039999999999,8793.519999999999,8810.019999999999,371.09972008397483
2026-07-10T03:00:00+00:00,8810.019999999999,8810.019999999999,8794.019999999999,8796.529999999999,345.0852390852391
2026-07-10T04:00:00+00:00,8796.529999999999,8797.039999999999,8777.019999999999,8778.529999999999,361.29650092081033
2026-07-10T05:00:00+00:00,8778.529999999999,8785.039999999999,8776.019999999999,8784.019999999999,454.859506892573
2026-07-10T06:00:00+00:00,8784.019999999999,8794.14,8780.63,8783.43,513
2026-07-10T07:00:00+00:00,8795.12,8806.83,8788.63,8801.32,663
2026-07-10T08:00:00+00:00,8801.32,8809.83,8791.32,8796.82,913
2026-07-10T09:00:00+00:00,8796.82,8812.83,8794.32,8810.32,618.0789054791026
2026-07-10T10:00:00+00:00,8810.32,8819.33,8810.31,8817.33,391
2026-07-10T11:00:00+00:00,8817.33,8820.33,8803.33,8805.82,675
2026-07-10T12:00:00+00:00,8805.82,8824.83,8798.82,8816.32,1320
2026-07-10T13:00:00+00:00,8816.32,8828.83,8809.31,8817.33,1076.7063870055513
2026-07-10T14:00:00+00:00,8817.33,8825.33,8782.81,8808.31,2651
2026-07-10T15:00:00+00:00,8808.31,8832.33,8806.32,8832.33,1432.2308552263835
2026-07-10T16:00:00+00:00,8832.33,8834.82,8823.31,8834.31,540
2026-07-10T17:00:00+00:00,8834.31,8836.33,8830.31,8832.33,437.5588963639228
2026-07-10T18:00:00+00:00,8832.33,8834.32,8827.31,8830.31,405.37254901960785
2026-07-10T19:00:00+00:00,8830.31,8834.82,8825.81,8828.32,356.306553107837
2026-07-10T20:00:00+00:00,8828.32,8832.32,8827.31,8829.83,125.52916393762095
2026-07-12T23:00:00+00:00,8830.83,8830.83,8799.63,8805.64,295
2026-07-13T00:00:00+00:00,8805.64,8828.54,8785.53,8798.02,2254
2026-07-13T01:00:00+00:00,8798.02,8803.54,8777.52,8784.04,1848
2026-07-13T02:00:00+00:00,8784.04,8787.54,8774.02,8775.02,1006
2026-07-13T03:00:00+00:00,8775.02,8792.54,8771.52,8792.02,900.0665380906461
2026-07-13T04:00:00+00:00,8792.02,8798.68,8787.66,8797.67,641
2026-07-13T05:00:00+00:00,8797.67,8812.67,8791.66,8805.68,1710
2026-07-13T06:00:00+00:00,8805.68,8813.27,8800.26,8809.06,749
2026-07-13T07:00:00+00:00,8810.06,8832.78,8810.06,8832.27,856
2026-07-13T08:00:00+00:00,8832.27,8860.28,8832.27,8860.28,1008
2026-07-13T09:00:00+00:00,8860.28,8860.28,8850.27,8851.27,598
2026-07-13T10:00:00+00:00,8851.27,8852.28,8834.26,8839.26,609
2026-07-13T11:00:00+00:00,8839.26,8845.27,8830.26,8831.26,897
2026-07-13T12:00:00+00:00,8831.26,8836.78,8819.27,8836.26,1152
2026-07-13T13:00:00+00:00,8836.26,8850.28,8828.26,8846.26,2017
2026-07-13T14:00:00+00:00,8846.26,8848.28,8800.27,8831.28,3377
2026-07-13T15:00:00+00:00,8831.28,8834.28,8816.78,8822.78,1546
2026-07-13T16:00:00+00:00,8822.78,8825.28,8798.76,8813.76,1782
2026-07-13T17:00:00+00:00,8813.76,8821.28,8804.76,8804.76,1351
2026-07-13T18:00:00+00:00,8804.76,8809.28,8793.77,8802.76,1448
2026-07-13T19:00:00+00:00,8802.76,8807.26,8795.77,8806.28,1190
2026-07-13T20:00:00+00:00,8806.28,8808.26,8795.28,8808.08,323
2026-07-13T23:00:00+00:00,8783.61,8785.61,8740.92,8754.43,1824.9429041047147
2026-07-14T00:00:00+00:00,8754.43,8759.320000000002,8707.320000000002,8725.34,4539
2026-07-14T01:00:00+00:00,8725.34,8735.34,8716.320000000002,8725.84,2494
2026-07-14T02:00:00+00:00,8725.84,8737.84,8710.320000000002,8721.84,1871
2026-07-14T03:00:00+00:00,8721.84,8723.34,8708.34,8719.320000000002,1473
2026-07-14T04:00:00+00:00,8719.320000000002,8747.84,8713.84,8745.820000000002,1108
2026-07-14T05:00:00+00:00,8745.820000000002,8764.34,8743.84,8751.820000000002,818
2026-07-14T06:00:00+00:00,8751.820000000002,8757.94,8745.92,8749.230000000001,523
2026-07-14T07:00:00+00:00,8795.2,8801.41,8766.4,8780.89,1582
2026-07-14T08:00:00+00:00,8780.89,8784.4,8762.89,8764.39,2082
2026-07-14T09:00:00+00:00,8764.39,8779.91,8760.89,8774.9,1302
2026-07-14T10:00:00+00:00,8774.9,8792.41,8774.89,8786.91,1101
2026-07-14T11:00:00+00:00,8786.91,8794.91,8779.89,8790.9,1743
2026-07-14T12:00:00+00:00,8790.9,8869.21,8780.89,8821.9,2379
2026-07-14T13:00:00+00:00,8821.9,8857.89,8819.9,8854.9,2970
2026-07-14T14:00:00+00:00,8854.9,8879.91,8840.9,8864.41,3757
2026-07-14T15:00:00+00:00,8864.41,8875.89,8843.39,8846.9,2635
2026-07-14T16:00:00+00:00,8846.9,8854.89,8841.89,8850.4,1124
2026-07-14T17:00:00+00:00,8850.4,8850.91,8840.91,8844.39,490.99579671379445
2026-07-14T18:00:00+00:00,8844.39,8850.89,8839.4,8843.91,548.9498327759197
2026-07-14T19:00:00+00:00,8843.91,8850.91,8836.39,8847.39,644.7092352092352
2026-07-14T20:00:00+00:00,8847.39,8847.4,8837.89,8843.19,158.93449092344122
2026-07-14T23:00:00+00:00,8836.71,8872.699999999999,8836.71,8868.699999999999,926.9644330004306
2026-07-15T00:00:00+00:00,8868.699999999999,8886.609999999999,8852.599999999999,8855.599999999999,1898
2026-07-15T01:00:00+00:00,8855.599999999999,8859.109999999999,8840.609999999999,8848.589999999998,1206
2026-07-15T02:00:00+00:00,8848.589999999998,8856.609999999999,8840.609999999999,8840.609999999999,693
2026-07-15T03:00:00+00:00,8840.609999999999,8848.609999999999,8836.589999999998,8844.589999999998,520
2026-07-15T04:00:00+00:00,8844.589999999998,8847.609999999999,8834.589999999998,8842.589999999998,471.0922920892495
2026-07-15T05:00:00+00:00,8842.589999999998,8845.089999999998,8835.599999999999,8841.589999999998,1081
2026-07-15T06:00:00+00:00,8841.589999999998,8845.689999999999,8837.689999999999,8844.989999999998,561
2026-07-15T07:00:00+00:00,8834.47,8834.47,8798.97,8811.67,961
2026-07-15T08:00:00+00:00,8811.67,8825.69,8804.68,8823.19,967
2026-07-15T09:00:00+00:00,8823.19,8829.69,8814.18,8815.18,609
2026-07-15T10:00:00+00:00,8815.18,8817.69,8806.18,8813.18,803
2026-07-15T11:00:00+00:00,8813.18,8815.69,8805.67,8809.19,639
2026-07-15T12:00:00+00:00,8809.19,8833.68,8799.67,8829.67,1218
2026-07-15T13:00:00+00:00,8829.67,8854.18,8824.19,8846.17,1770
2026-07-15T14:00:00+00:00,8846.17,8855.69,8836.68,8848.69,2148
2026-07-15T15:00:00+00:00,8848.69,8851.68,8833.18,8835.67,1784
2026-07-15T16:00:00+00:00,8835.67,8837.69,8810.68,8823.68,1480
2026-07-15T17:00:00+00:00,8823.68,8849.19,8823.19,8848.69,628
2026-07-15T18:00:00+00:00,8848.69,8854.69,8841.68,8842.67,525
2026-07-15T19:00:00+00:00,8842.67,8850.19,8840.67,8849.69,806
2026-07-15T20:00:00+00:00,8849.69,8849.69,8829.47,8829.47,204.5327441527824
2026-07-15T23:00:00+00:00,8843.81,8863.3,8836.81,8861.289999999999,806.8318043722438
2026-07-16T00:00:00+00:00,8861.289999999999,8871.18,8844.19,8850.199999999999,1891
2026-07-16T01:00:00+00:00,8850.199999999999,8851.699999999999,8826.18,8827.199999999999,1423
2026-07-16T02:00:00+00:00,8827.199999999999,8836.699999999999,8819.69,8828.69,946
2026-07-16T03:00:00+00:00,8828.69,8838.69,8827.68,8835.19,803
2026-07-16T04:00:00+00:00,8835.19,8839.19,8827.68,8836.18,653
2026-07-16T05:00:00+00:00,8836.18,8857.18,8836.18,8847.68,1084
2026-07-16T06:00:00+00:00,8847.68,8847.8,8837.779999999999,8844.08,760
2026-07-16T07:00:00+00:00,8828.76,8828.76,8805.97,8809.96,921.4288518155054
2026-07-16T08:00:00+00:00,8809.96,8818.96,8798.46,8813.96,1199
2026-07-16T09:00:00+00:00,8813.96,8819.98,8803.47,8805.46,786
2026-07-16T10:00:00+00:00,8805.46,8808.96,8797.46,8802.98,773
2026-07-16T11:00:00+00:00,8802.98,8802.98,8778.47,8796.47,1384
2026-07-16T12:00:00+00:00,8796.47,8797.48,8765.96,8770.98,1629
2026-07-16T13:00:00+00:00,8770.98,8797.47,8767.47,8789.46,2713
2026-07-16T14:00:00+00:00,8789.46,8812.46,8788.46,8811.46,2221
2026-07-16T15:00:00+00:00,8811.46,8834.48,8808.47,8817.46,1499
2026-07-16T16:00:00+00:00,8817.46,8819.48,8804.48,8817.97,1598
2026-07-16T17:00:00+00:00,8817.97,8818.48,8808.48,8811.48,1399
2026-07-16T18:00:00+00:00,8811.48,8815.48,8803.46,8804.46,1259
2026-07-16T19:00:00+00:00,8804.46,8813.48,8797.96,8812.98,1147
2026-07-16T20:00:00+00:00,8812.98,8815.48,8807.78,8813.77,375.51026387999804
2026-07-16T23:00:00+00:00,8806.91,8811.91,8781.269999999999,8792.269999999999,1500.3159623979836
2026-07-17T00:00:00+00:00,8792.269999999999,8797.179999999998,8748.669999999998,8758.659999999998,1906
2026-07-17T01:00:00+00:00,8758.659999999998,8761.679999999998,8736.659999999998,8738.159999999998,1405
2026-07-17T02:00:00+00:00,8738.159999999998,8764.179999999998,8730.659999999998,8764.179999999998,1010
2026-07-17T03:00:00+00:00,8764.179999999998,8779.679999999998,8750.179999999998,8751.159999999998,956
2026-07-17T04:00:00+00:00,8751.159999999998,8755.179999999998,8732.659999999998,8746.179999999998,1336
2026-07-17T05:00:00+00:00,8746.179999999998,8761.679999999998,8737.159999999998,8758.159999999998,1303
2026-07-17T06:00:00+00:00,8758.159999999998,8774.279999999999,8756.259999999998,8770.069999999998,924
2026-07-17T07:00:00+00:00,8790.3,8799.51,8773.79,8794,1009
2026-07-17T08:00:00+00:00,8794,8805.99,8773,8782,1875
2026-07-17T09:00:00+00:00,8782,8791.99,8776.01,8791.51,1197
2026-07-17T10:00:00+00:00,8791.51,8805.51,8790.51,8796.99,892
2026-07-17T11:00:00+00:00,8796.99,8805.51,8790.49,8803.01,760
2026-07-17T12:00:00+00:00,8803.01,8804.51,8794,8796.5,1056
2026-07-17T13:00:00+00:00,8796.5,8823.01,8770.01,8822,2752
2026-07-17T14:00:00+00:00,8822,8825.51,8808.99,8815,2328
2026-07-17T15:00:00+00:00,8815,8843.51,8807.5,8843.51,2403
2026-07-17T16:00:00+00:00,8843.51,8843.51,8826.99,8834.49,1535
2026-07-17T17:00:00+00:00,8834.49,8844.51,8830.49,8832.49,743
2026-07-17T18:00:00+00:00,8832.49,8834.49,8811.51,8819.5,1163
2026-07-17T19:00:00+00:00,8819.5,8844.51,8806.49,8837.01,1562
2026-07-17T20:00:00+00:00,8837.01,8837.01,8828,8836.51,245.84256321480876
2026-07-19T23:00:00+00:00,8831.77,8838.78,8828.27,8831.77,257
2026-07-20T00:00:00+00:00,8831.77,8839.66,8802.66,8820.18,2395
2026-07-20T01:00:00+00:00,8820.18,8827.16,8793.16,8799.18,2186
2026-07-20T02:00:00+00:00,8799.18,8820.17,8792.17,8814.17,1382
2026-07-20T03:00:00+00:00,8814.17,8818.67,8806.16,8814.67,851
2026-07-20T04:00:00+00:00,8814.67,8821.17,8802.67,8813.68,762
2026-07-20T05:00:00+00:00,8813.68,8816.67,8797.18,8799.17,1015
2026-07-20T06:00:00+00:00,8799.17,8799.17,8780.26,8789.57,863
2026-07-20T07:00:00+00:00,8789.57,8827.78,8789.27,8816.76,1130
2026-07-20T08:00:00+00:00,8816.76,8827.26,8816.27,8823.28,1095
2026-07-20T09:00:00+00:00,8823.28,8824.78,8814.76,8819.27,732
2026-07-20T10:00:00+00:00,8819.27,8820.28,8799.27,8809.27,711.8361611876988
2026-07-20T11:00:00+00:00,8809.27,8834.77,8808.26,8824.76,2289
2026-07-20T12:00:00+00:00,8824.76,8825.28,8792.76,8797.27,1868
2026-07-20T13:00:00+00:00,8797.27,8809.28,8777.26,8777.78,1915
2026-07-20T14:00:00+00:00,8777.78,8781.77,8764.76,8771.78,2452
2026-07-20T15:00:00+00:00,8771.78,8788.28,8764.26,8784.78,1783
2026-07-20T16:00:00+00:00,8784.78,8787.26,8763.27,8767.26,1325
2026-07-20T17:00:00+00:00,8767.26,8770.77,8761.76,8766.78,777
2026-07-20T18:00:00+00:00,8766.78,8772.77,8750.76,8752.76,1343
2026-07-20T19:00:00+00:00,8752.76,8764.77,8742.26,8756.28,1548
2026-07-20T20:00:00+00:00,8756.28,8759.78,8750.26,8755.56,271
2026-07-20T23:00:00+00:00,8734.21,8764.21,8732.21,8752.82,1250.651817515816
2026-07-21T00:00:00+00:00,8752.82,8769.71,8728.199999999999,8749.22,2549
2026-07-21T01:00:00+00:00,8749.22,8772.71,8741.72,8756.199999999999,1423
2026-07-21T02:00:00+00:00,8756.199999999999,8779.72,8747.71,8779.72,936
2026-07-21T03:00:00+00:00,8779.72,8800.22,8776.699999999999,8799.72,638.5386465132257
2026-07-21T04:00:00+00:00,8799.72,8802.21,8782.21,8782.22,347.9917355371901
2026-07-21T05:00:00+00:00,8782.22,8783.72,8769.21,8780.22,575.1906005221932
2026-07-21T06:00:00+00:00,8780.22,8785.32,8775.3,8778.609999999999,493
2026-07-21T07:00:00+00:00,8779.96,8787.17,8766.65,8785.66,1084
2026-07-21T08:00:00+00:00,8785.66,8791.67,8783.16,8785.17,1039
2026-07-21T09:00:00+00:00,8785.17,8795.17,8779.66,8780.67,729
2026-07-21T10:00:00+00:00,8780.67,8789.65,8769.66,8770.65,1048.7977900552487
2026-07-21T11:00:00+00:00,8770.65,8774.65,8761.65,8763.65,773
2026-07-21T12:00:00+00:00,8763.65,8767.67,8742.65,8753.66,1296
2026-07-21T13:00:00+00:00,8753.66,8760.67,8723.67,8745.16,2303
2026-07-21T14:00:00+00:00,8745.16,8779.65,8745.16,8768.66,1871
2026-07-21T15:00:00+00:00,8768.66,8782.15,8763.15,8773.65,1192
2026-07-21T16:00:00+00:00,8773.65,8797.67,8773.65,8795.65,556.450632046464
2026-07-21T17:00:00+00:00,8795.65,8796.66,8787.65,8792.15,362.8245365321701
2026-07-21T18:00:00+00:00,8792.15,8796.67,8790.15,8795.65,356
2026-07-21T19:00:00+00:00,8795.65,8805.66,8792.66,8803.15,650.1976242342781
2026-07-21T20:00:00+00:00,8803.15,8803.15,8790.95,8796.47,127
2026-07-21T23:00:00+00:00,8789.21,8809.82,8785.21,8806.34,910.3802163984194
2026-07-22T00:00:00+00:00,8806.34,8846.24,8798.730000000001,8832.220000000001,1548
2026-07-22T01:00:00+00:00,8832.220000000001,8834.220000000001,8809.24,8815.220000000001,814
2026-07-22T02:00:00+00:00,8815.220000000001,8829.230000000001,8810.230000000001,8829.230000000001,606
2026-07-22T03:00:00+00:00,8829.230000000001,8837.74,8822.230000000001,8823.24,435.9068501920615
2026-07-22T04:00:00+00:00,8823.24,8827.24,8813.720000000001,8816.730000000001,357.7648381294964
2026-07-22T05:00:00+00:00,8816.730000000001,8825.230000000001,8814.74,8820.220000000001,622.1361058601134
2026-07-22T06:00:00+00:00,8820.220000000001,8823.84,8805.34,8812.12,636
2026-07-22T07:00:00+00:00,8806.01,8813.72,8794.72,8803.72,1209
2026-07-22T08:00:00+00:00,8803.72,8849.21,8802.71,8848.72,1357
2026-07-22T09:00:00+00:00,8848.72,8863.73,8840.23,8844.21,1264
2026-07-22T10:00:00+00:00,8844.21,8860.73,8843.72,8851.72,1288
2026-07-22T11:00:00+00:00,8851.72,8854.72,8834.73,8843.22,1416
2026-07-22T12:00:00+00:00,8843.22,8860.72,8842.71,8855.72,1277
2026-07-22T13:00:00+00:00,8855.72,8894.73,8855.21,8891.71,1419
2026-07-22T14:00:00+00:00,8891.71,8902.73,8877.72,8882.72,1666
2026-07-22T15:00:00+00:00,8882.72,8884.21,8871.71,8879.71,913
2026-07-22T16:00:00+00:00,8879.71,8882.71,8872.21,8880.23,504
2026-07-22T17:00:00+00:00,8880.23,8880.73,8873.72,8876.73,466.8258325832583
2026-07-22T18:00:00+00:00,8876.73,8882.73,8870.71,8881.73,607
2026-07-22T19:00:00+00:00,8881.73,8882.73,8864.21,8870.21,690
2026-07-22T20:00:00+00:00,8870.21,8881.72,8870.21,8876.21,778.4524690110497
2026-07-22T23:00:00+00:00,8865.31,8878.31,8850.7,8858.7,1165.7037853017637
2026-07-23T00:00:00+00:00,8858.7,8900.62,8857.1,8884.62,2408
2026-07-23T01:00:00+00:00,8884.62,8904.11,8849.6,8851.6,2025
2026-07-23T02:00:00+00:00,8851.6,8866.61,8851.6,8862.6,764
2026-07-23T03:00:00+00:00,8862.6,8862.62,8845.1,8849.6,809
2026-07-23T04:00:00+00:00,8849.6,8858.61,8841.6,8843.61,725
2026-07-23T05:00:00+00:00,8843.61,8843.62,8814.61,8814.61,1043
2026-07-23T06:00:00+00:00,8814.61,8821.51,8806.22,8819.52,451
2026-07-23T07:00:00+00:00,8838.93,8838.93,8801.12,8819.12,1834
2026-07-23T08:00:00+00:00,8819.12,8831.12,8809.61,8826.63,1419
2026-07-23T09:00:00+00:00,8826.63,8837.63,8815.12,8820.11,1208
2026-07-23T10:00:00+00:00,8820.11,8832.12,8815.13,8827.61,1194
2026-07-23T11:00:00+00:00,8827.61,8831.62,8792.11,8808.11,1547
2026-07-23T12:00:00+00:00,8808.11,8808.62,8767.61,8768.62,2306
2026-07-23T13:00:00+00:00,8768.62,8789.11,8752.63,8774.12,3774
2026-07-23T14:00:00+00:00,8774.12,8795.12,8772.11,8786.13,4721
2026-07-23T15:00:00+00:00,8786.13,8787.62,8760.61,8776.11,2867
2026-07-23T16:00:00+00:00,8776.11,8791.11,8772.11,8785.63,1311
2026-07-23T17:00:00+00:00,8785.63,8788.63,8774.61,8774.62,1682
2026-07-23T18:00:00+00:00,8774.62,8782.61,8771.13,8774.13,1265.2303969022264
2026-07-23T19:00:00+00:00,8774.13,8786.63,8771.61,8784.62,1059
2026-07-23T20:00:00+00:00,8784.62,8797.63,8784.61,8793.93,356.98207088794976
2026-07-23T23:00:00+00:00,8781.61,8799.98,8768.08,8779.59,1587.8889589250139
2026-07-24T00:00:00+00:00,8779.59,8786.99,8756.49,8779.49,2579
2026-07-24T01:00:00+00:00,8779.49,8800.99,8774.970000000001,8775.98,1268
2026-07-24T02:00:00+00:00,8775.98,8779.98,8722.99,8723.99,1161
2026-07-24T03:00:00+00:00,8723.99,8740.970000000001,8719.98,8734.970000000001,1415
2026-07-24T04:00:00+00:00,8734.970000000001,8748.970000000001,8732.970000000001,8747.98,1117
2026-07-24T05:00:00+00:00,8747.98,8758.99,8745.48,8746.970000000001,1057
2026-07-24T06:00:00+00:00,8746.970000000001,8753.59,8741.57,8746.380000000001,659
2026-07-24T07:00:00+00:00,8757.71,8798.9,8757.71,8787.89,1170
2026-07-24T08:00:00+00:00,8787.89,8796.91,8779.4,8790.91,1398
2026-07-24T09:00:00+00:00,8790.91,8802.4,8788.39,8801.4,918
2026-07-24T10:00:00+00:00,8801.4,8803.41,8791.4,8793.4,685.5328269126425
2026-07-24T11:00:00+00:00,8793.4,8804.89,8785.4,8799.9,1089
2026-07-24T12:00:00+00:00,8799.9,8803.41,8780.39,8782.9,1279
2026-07-24T13:00:00+00:00,8782.9,8809.41,8782.89,8798.39,1917
2026-07-24T14:00:00+00:00,8798.39,8813.39,8785.39,8799.89,2693
2026-07-24T15:00:00+00:00,8799.89,8834.9,8793.39,8828.89,3374
2026-07-24T16:00:00+00:00,8828.89,8834.41,8815.4,8820.89,1172
2026-07-24T17:00:00+00:00,8820.89,8825.41,8810.89,8816.39,1301
2026-07-24T18:00:00+00:00,8816.39,8818.4,8800.39,8804.91,1316
2026-07-24T19:00:00+00:00,8804.91,8808.41,8796.39,8808.41,1621
2026-07-24T20:00:00+00:00,8808.41,8811.41,8801.89,8804.9,203
2026-07-26T23:00:00+00:00,8804.9,8863.98,8804.9,8855.96,283
2026-07-27T00:00:00+00:00,8855.96,8866.38,8834.36,8838.37,2292
2026-07-27T01:00:00+00:00,8838.37,8855.88,8830.38,8853.86,1637
2026-07-27T02:00:00+00:00,8853.86,8862.88,8852.87,8862.87,696
2026-07-27T03:00:00+00:00,8862.87,8873.88,8860.86,8863.86,447
2026-07-27T04:00:00+00:00,8863.86,8884.88,8863.86,8879.87,447
2026-07-27T05:00:00+00:00,8879.87,8893.88,8879.86,8885.38,455.48789218047807
2026-07-27T06:00:00+00:00,8885.38,8894.48,8882.46,8884.26,451
2026-07-27T07:00:00+00:00,8884.76,8886.46,8868.96,8868.96,851
2026-07-27T08:00:00+00:00,8868.96,8884.98,8859.97,8884.97,1370
2026-07-27T09:00:00+00:00,8884.97,8892.98,8879.48,8887.96,756
2026-07-27T10:00:00+00:00,8887.96,8891.98,8880.98,8886.47,558
2026-07-27T11:00:00+00:00,8886.47,8889.98,8874.46,8878.47,721
2026-07-27T12:00:00+00:00,8878.47,8880.48,8864.96,8870.47,921
2026-07-27T13:00:00+00:00,8870.47,8878.48,8852.96,8853.98,1834
2026-07-27T14:00:00+00:00,8853.98,8864.48,8830.96,8861.48,3314
2026-07-27T15:00:00+00:00,8861.48,8862.47,8835.46,8838.48,2674
2026-07-27T16:00:00+00:00,8838.48,8859.97,8834.46,8839.96,2288
2026-07-27T17:00:00+00:00,8839.96,8848.98,8831.96,8848.98,1400
2026-07-27T18:00:00+00:00,8848.98,8854.98,8839.97,8854.98,1234
2026-07-27T19:00:00+00:00,8854.98,8870.47,8853.46,8862.46,1037
2026-07-27T20:00:00+00:00,8862.46,8864.97,8857.96,8863.26,199
2026-07-27T23:00:00+00:00,8851.31,8858.31,8825.92,8834.92,1152.014722028348
2026-07-28T00:00:00+00:00,8834.92,8856.83,8829.84,8845.34,2142
2026-07-28T01:00:00+00:00,8845.34,8858.82,8833.84,8836.84,1135
2026-07-28T02:00:00+00:00,8836.84,8851.84,8834.83,8851.34,776
2026-07-28T03:00:00+00:00,8851.34,8922.34,8845.34,8920.34,1792
2026-07-28T04:00:00+00:00,8920.34,8927.84,8906.32,8909.84,1096
2026-07-28T05:00:00+00:00,8909.84,8919.84,8905.32,8917.34,1088.308416240925
2026-07-28T06:00:00+00:00,8917.34,8933.429999999998,8916.92,8928.22,716
2026-07-28T07:00:00+00:00,8950.17,8975.37,8950.17,8953.38,1033
2026-07-28T08:00:00+00:00,8953.38,8969.38,8947.87,8960.89,1739
2026-07-28T09:00:00+00:00,8960.89,8965.88,8946.38,8949.89,862
2026-07-28T10:00:00+00:00,8949.89,8952.39,8936.37,8945.88,1207
2026-07-28T11:00:00+00:00,8945.88,8953.38,8936.37,8949.88,1529
2026-07-28T12:00:00+00:00,8949.88,8967.38,8947.38,8963.38,1011
2026-07-28T13:00:00+00:00,8963.38,8976.38,8953.89,8973.89,1949
2026-07-28T14:00:00+00:00,8973.89,9007.39,8969.37,8994.87,2626
2026-07-28T15:00:00+00:00,8994.87,9039.39,8991.37,9039.37,2155
2026-07-28T16:00:00+00:00,9039.37,9040.39,9027.37,9037.38,809
2026-07-28T17:00:00+00:00,9037.38,9037.39,9019.38,9024.39,878
2026-07-28T18:00:00+00:00,9024.39,9028.39,9018.37,9026.87,867
2026-07-28T19:00:00+00:00,9026.87,9035.38,9022.37,9023.37,586
2026-07-28T20:00:00+00:00,9023.37,9027.88,9020.67,9020.67,330
2026-07-28T23:00:00+00:00,9006.91,9040.78,8999.91,9017.13,1596.8906044944615
2026-07-29T00:00:00+00:00,9017.13,9087.039999999999,9017.13,9063.539999999999,3342
2026-07-29T01:00:00+00:00,9063.539999999999,9103.55,9050.039999999999,9076.05,3485
2026-07-29T02:00:00+00:00,9076.05,9085.53,9047.539999999999,9049.55,2780
2026-07-29T03:00:00+00:00,9049.55,9064.55,9042.539999999999,9054.53,1423
2026-07-29T04:00:00+00:00,9054.53,9063.05,9037.53,9062.55,1911
2026-07-29T05:00:00+00:00,9062.55,9067.05,9048.53,9057.039999999999,1202
2026-07-29T06:00:00+00:00,9057.039999999999,9063.15,9046.14,9058.449999999999,714
2026-07-29T07:00:00+00:00,9043.71,9073.9,9043.71,9066.41,1089
2026-07-29T08:00:00+00:00,9066.41,9070.91,9052.89,9062.89,1672
2026-07-29T09:00:00+00:00,9062.89,9073.41,9057.39,9064.39,1152
2026-07-29T10:00:00+00:00,9064.39,9069.41,9053.89,9056.89,1330
2026-07-29T11:00:00+00:00,9056.89,9072.89,9056.89,9067.41,878
2026-07-29T12:00:00+00:00,9067.41,9070.4,9040.4,9046.9,2218
2026-07-29T13:00:00+00:00,9046.9,9046.9,9021.91,9029.89,2342
2026-07-29T14:00:00+00:00,9029.89,9037.4,9008.89,9014.9,3595
2026-07-29T15:00:00+00:00,9014.9,9032.41,9009.39,9014.91,2511
2026-07-29T16:00:00+00:00,9014.91,9021.41,9001.4,9021.41,1914
2026-07-29T17:00:00+00:00,9021.41,9040.41,9020.41,9039.69,1510
2026-07-29T18:00:00+00:00,9039.69,9081.41,9032.9,9076.4,6426
2026-07-29T19:00:00+00:00,9076.4,9083.4,8973.39,8981.4,6411
2026-07-29T20:00:00+00:00,8981.4,8991.4,8968.39,8986.21,1675
2026-07-29T23:00:00+00:00,9001.31,9047.02,8997.92,9045.01,5059.610689824165
2026-07-30T00:00:00+00:00,9045.01,9062.42,8999.9,9007.92,3342
2026-07-30T01:00:00+00:00,9007.92,9048.92,9005.9,9039.92,2074
2026-07-30T02:00:00+00:00,9039.92,9044.4,9010.91,9011.9,989
2026-07-30T03:00:00+00:00,9011.9,9016.92,8984.9,8997.4,1661
2026-07-30T04:00:00+00:00,8997.4,9005.42,8984.91,8986.4,1331
2026-07-30T05:00:00+00:00,8986.4,8996.92,8978.9,8984.91,1610
2026-07-30T06:00:00+00:00,8984.91,8999.51,8979.51,8993.82,959
2026-07-30T07:00:00+00:00,8958.47,8985.66,8956.15,8965.17,2263
2026-07-30T08:00:00+00:00,8965.17,8998.66,8958.17,8984.18,2660
2026-07-30T09:00:00+00:00,8984.18,8999.66,8972.66,8972.66,1854
2026-07-30T10:00:00+00:00,8972.66,9004.16,8970.67,8998.68,1855
2026-07-30T11:00:00+00:00,8998.68,9018.68,8994.16,9017.17,1149
2026-07-30T12:00:00+00:00,9017.17,9026.68,9010.67,9013.16,2158
2026-07-30T13:00:00+00:00,9013.16,9031.18,9011.66,9025.18,3107
2026-07-30T14:00:00+00:00,9025.18,9037.66,9013.66,9024.17,2406
2026-07-30T15:00:00+00:00,9024.17,9035.68,9009.16,9034.17,2587
2026-07-30T16:00:00+00:00,9034.17,9043.68,9031.67,9039.68,987
2026-07-30T17:00:00+00:00,9039.68,9046.68,9035.17,9039.68,859
2026-07-30T18:00:00+00:00,9039.68,9053.68,9037.18,9053.66,569
2026-07-30T19:00:00+00:00,9053.66,9064.68,9053.66,9059.66,782
2026-07-30T20:00:00+00:00,9059.66,9066.18,9052.960000000001,9052.960000000001,691
2026-07-30T23:00:00+00:00,9061.91,9069.91,9042.91,9052.06,1035.4265581027644
2026-07-31T00:00:00+00:00,9052.06,9056.96,8991.949999999999,8994.97,2191
2026-07-31T01:00:00+00:00,8994.97,9009.97,8976.96,8977.949999999999,1301
2026-07-31T02:00:00+00:00,8977.949999999999,8989.96,8972.97,8987.949999999999,946
2026-07-31T03:00:00+00:00,8987.949999999999,8995.97,8969.97,8979.949999999999,926.386962552011
2026-07-31T04:00:00+00:00,8979.949999999999,8988.97,8975.449999999999,8979.96,695
2026-07-31T05:00:00+00:00,8979.96,8985.97,8963.97,8972.96,610
2026-07-31T06:00:00+00:00,8972.96,8986.359999999999,8961.55,8986.35,942
2026-07-31T07:00:00+00:00,8990.95,9012.16,8989.46,9006.17,1257
2026-07-31T08:00:00+00:00,9006.17,9010.16,8995.15,9004.16,1444
2026-07-31T09:00:00+00:00,9004.16,9008.67,8986.65,8988.66,1104
2026-07-31T10:00:00+00:00,8988.66,8995.15,8982.65,8987.66,831
2026-07-31T11:00:00+00:00,8987.66,8989.67,8974.65,8981.16,1137
2026-07-31T12:00:00+00:00,8981.16,8981.17,8960.17,8963.16,1200
2026-07-31T13:00:00+00:00,8963.16,8968.17,8909.65,8909.65,2317
2026-07-31T14:00:00+00:00,8909.65,8922.16,8884.66,8919.67,3394
2026-07-31T15:00:00+00:00,8919.67,8936.15,8906.17,8932.67,2661
2026-07-31T16:00:00+00:00,8932.67,8932.67,8917.15,8927.65,1279
2026-07-31T17:00:00+00:00,8927.65,8940.15,8925.65,8930.17,775
2026-07-31T18:00:00+00:00,8930.17,8934.17,8921.15,8924.65,629.0974279033514
2026-07-31T19:00:00+00:00,8924.65,8938.15,8920.65,8924.67,1168
2026-07-31T20:00:00+00:00,8924.67,8928.66,8917.65,8919.67,455
2026-08-02T23:00:00+00:00,8919.67,8956.71,8919.67,8947.71,302
2026-08-03T00:00:00+00:00,8947.71,8977.11,8936.61,8969.6,2233
2026-08-03T01:00:00+00:00,8969.6,8969.6,8950.59,8960.59,1123
2026-08-03T02:00:00+00:00,8960.59,8962.61,8953.59,8957.11,670
2026-08-03T03:00:00+00:00,8957.11,8971.6,8957.09,8965.1,599
2026-08-03T04:00:00+00:00,8965.1,8989.59,8963.59,8981.61,436
2026-08-03T05:00:00+00:00,8981.61,9005.6,8981.11,8997.61,549
2026-08-03T06:00:00+00:00,8997.61,9020.49,8996.7,9020.49,565
2026-08-03T07:00:00+00:00,9020.49,9020.49,8990.7,9011.19,1273
2026-08-03T08:00:00+00:00,9011.19,9013.2,8996.19,9003.19,1517
2026-08-03T09:00:00+00:00,9003.19,9007.21,8998.19,9002.69,736
2026-08-03T10:00:00+00:00,9002.69,9007.21,9000.19,9004.2,658
2026-08-03T11:00:00+00:00,9004.2,9008.71,9000.69,9003.2,540
2026-08-03T12:00:00+00:00,9003.2,9003.7,8980.69,8989.19,606
2026-08-03T13:00:00+00:00,8989.19,8995.71,8979.69,8995.71,1043
2026-08-03T14:00:00+00:00,8995.71,9019.21,8990.51,9018.7,836
2026-08-03T15:00:00+00:00,9018.7,9023.21,9002.69,9012.19,929
2026-08-03T16:00:00+00:00,9012.19,9015.21,9007.19,9010.21,355.52599531615925
2026-08-03T17:00:00+00:00,9010.21,9019.21,9008.19,9017.2,276.46970277833884
2026-08-03T18:00:00+00:00,9017.2,9025.2,9016.19,9017.2,305
2026-08-03T19:00:00+00:00,9017.2,9021.21,9013.19,9016.21,380.29838395638626
2026-08-03T20:00:00+00:00,9016.21,9028.21,9013.19,9017.51,147
2026-08-03T23:00:00+00:00,9019.97,9035.109999999999,9018.91,9029.609999999999,632.9941494346012
2026-08-04T00:00:00+00:00,9029.609999999999,9082.01,9027.5,9079,2031
2026-08-04T01:00:00+00:00,9079,9142.51,9076.99,9142.01,1712
2026-08-04T02:00:00+00:00,9142.01,9143.51,9120,9132.99,1092
2026-08-04T03:00:00+00:00,9132.99,9147.99,9128,9145.99,765
2026-08-04T04:00:00+00:00,9145.99,9146,9132.5,9139.49,500
2026-08-04T05:00:00+00:00,9139.49,9149.01,9136.49,9142,548
2026-08-04T06:00:00+00:00,9142,9153.609999999999,9140.109999999999,9145.89,657
2026-08-04T07:00:00+00:00,9141.49,9146.2,9132.49,9136.2,506
2026-08-04T08:00:00+00:00,9136.2,9143.19,9105.19,9106.21,966
2026-08-04T09:00:00+00:00,9106.21,9113.21,9100.2,9105.21,676
2026-08-04T10:00:00+00:00,9105.21,9117.7,9097.19,9107.2,1147
2026-08-04T11:00:00+00:00,9107.2,9137.71,9107.2,9136.71,1247
2026-08-04T12:00:00+00:00,9136.71,9138.69,9112.2,9112.2,606
2026-08-04T13:00:00+00:00,9112.2,9131.71,9108.2,9120.19,1257
2026-08-04T14:00:00+00:00,9120.19,9130.2,9112.69,9125.71,1090
2026-08-04T15:00:00+00:00,9125.71,9144.7,9116.19,9141.7,813
2026-08-04T16:00:00+00:00,9141.7,9172.21,9141.2,9171.2,583
2026-08-04T17:00:00+00:00,9171.2,9175.7,9162.69,9162.69,539
2026-08-04T18:00:00+00:00,9162.69,9166.21,9157.19,9165.19,461.27799990408937
2026-08-04T19:00:00+00:00,9165.19,9182.71,9165.19,9173.21,670
2026-08-04T20:00:00+00:00,9173.21,9181.71,9173.21,9180.49,330
2026-08-04T23:00:00+00:00,9175.81,9186.81,9151.75,9153.76,1012.596726494822
2026-08-05T00:00:00+00:00,9153.76,9205.67,9127.65,9152.67,4117
2026-08-05T01:00:00+00:00,9152.67,9156.16,9124.15,9154.16,1802
2026-08-05T02:00:00+00:00,9154.16,9187.17,9153.65,9186.15,1274
2026-08-05T03:00:00+00:00,9186.15,9208.17,9185.15,9205.65,586
2026-08-05T04:00:00+00:00,9205.65,9210.17,9197.15,9206.17,576
2026-08-05T05:00:00+00:00,9206.17,9224.17,9202.17,9216.17,703
2026-08-05T06:00:00+00:00,9216.17,9220.77,9191.25,9197.55,939
2026-08-05T07:00:00+00:00,9204.23,9209.44,9180.93,9182.45,866
2026-08-05T08:00:00+00:00,9182.45,9183.93,9163.43,9171.45,1081
2026-08-05T09:00:00+00:00,9171.45,9182.45,9171.43,9177.45,677
2026-08-05T10:00:00+00:00,9177.45,9182.95,9173.43,9180.45,517
2026-08-05T11:00:00+00:00,9180.45,9193.43,9180.45,9183.95,630
2026-08-05T12:00:00+00:00,9183.95,9206.45,9183.95,9196.44,897
2026-08-05T13:00:00+00:00,9196.44,9208.94,9185.93,9206.44,1440
2026-08-05T14:00:00+00:00,9206.44,9217.93,9189.44,9197.93,1799
2026-08-05T15:00:00+00:00,9197.93,9207.95,9189.94,9192.44,1468
2026-08-05T16:00:00+00:00,9192.44,9205.95,9192.44,9198.93,1007
2026-08-05T17:00:00+00:00,9198.93,9206.93,9194.43,9203.95,649
2026-08-05T18:00:00+00:00,9203.95,9205.95,9196.93,9196.93,471.8005476951164
2026-08-05T19:00:00+00:00,9196.93,9203.95,9193.94,9195.95,584
2026-08-05T20:00:00+00:00,9195.95,9199.95,9194.25,9196.23,230.90456626304808
2026-08-05T23:00:00+00:00,9202.19,9211.59,9174.81,9211.11,970.4650142421688
2026-08-06T00:00:00+00:00,9211.11,9280.5,9209.99,9259.49,3207
2026-08-06T01:00:00+00:00,9259.49,9278.5,9251.51,9265,1638
2026-08-06T02:00:00+00:00,9265,9269.51,9233,9249.99,1085
2026-08-06T03:00:00+00:00,9249.99,9259.01,9247,9250.5,807
2026-08-06T04:00:00+00:00,9250.5,9253.51,9236.51,9248.5,696
2026-08-06T05:00:00+00:00,9248.5,9256.01,9244.49,9254.51,667
2026-08-06T06:00:00+00:00,9254.51,9254.59,9232.09,9235.41,716
2026-08-06T07:00:00+00:00,9247.33,9273.03,9245.32,9262.52,482
2026-08-06T08:00:00+00:00,9262.52,9283.01,9248.01,9283.01,868
2026-08-06T09:00:00+00:00,9283.01,9286.52,9273.01,9286.52,612
2026-08-06T10:00:00+00:00,9286.52,9287.03,9263.52,9265.03,416
2026-08-06T11:00:00+00:00,9265.03,9269.03,9252.51,9260.53,657
2026-08-06T12:00:00+00:00,9260.53,9265.33,9252.01,9253.02,780
2026-08-06T13:00:00+00:00,9253.02,9261.03,9247.52,9257.01,1064
2026-08-06T14:00:00+00:00,9257.01,9278.03,9257.01,9272.51,999
2026-08-06T15:00:00+00:00,9272.51,9275.53,9248.51,9250.52,1260
2026-08-06T16:00:00+00:00,9250.52,9256.53,9241.51,9256.01,990.8545892059127
2026-08-06T17:00:00+00:00,9256.01,9259.03,9248.02,9253.02,618
2026-08-06T18:00:00+00:00,9253.02,9256.03,9248.03,9251.52,435
2026-08-06T19:00:00+00:00,9251.52,9256.53,9241.51,9247.52,872
2026-08-06T20:00:00+00:00,9247.52,9251.02,9233.03,9237.31,238.4319137979345
2026-08-06T23:00:00+00:00,9246.31,9251.31,9227.31,9234.9,780.8815430772339
2026-08-07T00:00:00+00:00,9234.9,9246.29,9210.79,9245.8,2261
2026-08-07T01:00:00+00:00,9245.8,9266.3,9242.79,9252.79,1242
2026-08-07T02:00:00+00:00,9252.79,9274.28,9241.78,9270.28,748
2026-08-07T03:00:00+00:00,9270.28,9272.8,9254.79,9266.8,501
2026-08-07T04:00:00+00:00,9266.8,9277.29,9261.28,9269.29,572
2026-08-07T05:00:00+00:00,9269.29,9272.8,9259.28,9260.28,393.15296495956875
2026-08-07T06:00:00+00:00,9260.28,9263.9,9253.38,9257.69,386.8103078024338
2026-08-07T07:00:00+00:00,9253.69,9268.9,9253.69,9256.89,416
2026-08-07T08:00:00+00:00,9256.89,9268.4,9256.88,9266.88,627
2026-08-07T09:00:00+00:00,9266.88,9284.89,9263.88,9282.4,440
2026-08-07T10:00:00+00:00,9282.4,9287.4,9277.39,9283.88,323.4848267062098
2026-08-07T11:00:00+00:00,9283.88,9290.4,9281.38,9284.9,323.83815028901734
2026-08-07T12:00:00+00:00,9284.9,9315.38,9281.88,9302.9,1240
2026-08-07T13:00:00+00:00,9302.9,9302.9,9282.4,9292.39,1441
2026-08-07T14:00:00+00:00,9292.39,9309.88,9284.38,9299.9,1301
2026-08-07T15:00:00+00:00,9299.9,9302.9,9283.88,9289.89,858
2026-08-07T16:00:00+00:00,9289.89,9292.9,9276.38,9285.9,842
2026-08-07T17:00:00+00:00,9285.9,9291.88,9283.38,9288.9,415.4328402195058
2026-08-07T18:00:00+00:00,9288.9,9288.9,9276.369999999999,9278.89,340.6679104477612
2026-08-07T19:00:00+00:00,9278.89,9293.38,9277.869999999999,9288.869999999999,910
2026-08-07T20:00:00+00:00,9288.869999999999,9293.89,9284.869999999999,9284.88,168.88846187722547
2026-08-09T23:00:00+00:00,9288.89,9288.89,9246.57,9248.59,256
2026-08-10T00:00:00+00:00,9248.59,9267.48,9213.47,9215.48,2583
2026-08-10T01:00:00+00:00,9215.48,9234.48,9201.49,9231.47,1595
2026-08-10T02:00:00+00:00,9231.47,9234.49,9214.47,9219.48,649
2026-08-10T03:00:00+00:00,9219.48,9234.48,9219.48,9221.97,520.3580562659847
2026-08-10T04:00:00+00:00,9221.97,9231.49,9213.49,9231.49,498.51394422310756
2026-08-10T05:00:00+00:00,9231.49,9237.49,9229.47,9233.97,443.3421052631579
2026-08-10T06:00:00+00:00,9233.97,9237.87,9228.07,9236.89,453
2026-08-10T07:00:00+00:00,9236.89,9258.59,9236.37,9253.58,522
2026-08-10T08:00:00+00:00,9253.58,9256.09,9239.08,9239.57,416.0448175452056
2026-08-10T09:00:00+00:00,9239.57,9241.08,9235.07,9237.08,331
2026-08-10T10:00:00+00:00,9237.08,9240.57,9230.08,9232.07,415.291857273559
2026-08-10T11:00:00+00:00,9232.07,9240.09,9226.59,9239.57,454.2232779097387
2026-08-10T12:00:00+00:00,9239.57,9243.59,9221.08,9230.08,585
2026-08-10T13:00:00+00:00,9230.08,9230.59,9208.08,9209.07,1101
2026-08-10T14:00:00+00:00,9209.07,9223.58,9208.07,9218.57,892
2026-08-10T15:00:00+00:00,9218.57,9236.07,9216.07,9235.09,748.420814479638
2026-08-10T16:00:00+00:00,9235.09,9235.09,9222.08,9230.07,591
2026-08-10T17:00:00+00:00,9230.07,9230.08,9224.07,9228.07,384
2026-08-10T18:00:00+00:00,9228.07,9231.59,9225.07,9231.07,262.4033896080342
2026-08-10T19:00:00+00:00,9231.07,9239.08,9228.57,9234.58,311.2093227792436
2026-08-10T20:00:00+00:00,9234.58,9237.87,9232.09,9237.87,113
2026-08-10T23:00:00+00:00,9233.61,9237.61,9202.52,9221.02,475.22430225531724
2026-08-11T00:00:00+00:00,9221.02,9251.93,9220.94,9241.94,2166
2026-08-11T01:00:00+00:00,9241.94,9254.44,9238.42,9243.92,971
2026-08-11T02:00:00+00:00,9243.92,9255.94,9235.93,9246.92,689
2026-08-11T03:00:00+00:00,9246.92,9260.42,9246.92,9246.92,406
2026-08-11T04:00:00+00:00,9246.92,9280.94,9246.92,9261.42,1424
2026-08-11T05:00:00+00:00,9261.42,9262.92,9238.93,9244.94,911
2026-08-11T06:00:00+00:00,9244.94,9249.52,9232.03,9236.34,557
2026-08-11T07:00:00+00:00,9244.1,9244.3,9225.28,9236.28,693
2026-08-11T08:00:00+00:00,9236.28,9245.79,9229.78,9236.3,799
2026-08-11T09:00:00+00:00,9236.3,9244.8,9234.28,9242.3,605
2026-08-11T10:00:00+00:00,9242.3,9252.8,9239.29,9249.8,708
2026-08-11T11:00:00+00:00,9249.8,9266.29,9247.78,9261.79,1411
2026-08-11T12:00:00+00:00,9261.79,9262.8,9237.28,9237.78,894.7557452396586
2026-08-11T13:00:00+00:00,9237.78,9258.3,9235.28,9247.78,1304
2026-08-11T14:00:00+00:00,9247.78,9251.28,9232.8,9235.3,1136
2026-08-11T15:00:00+00:00,9235.3,9240.29,9215.78,9218.28,1048
2026-08-11T16:00:00+00:00,9218.28,9224.3,9215.28,9215.3,523
2026-08-11T17:00:00+00:00,9215.3,9218.28,9204.8,9205.79,506
2026-08-11T18:00:00+00:00,9205.79,9205.79,9195.8,9200.3,571
2026-08-11T19:00:00+00:00,9200.3,9210.3,9199.78,9207.29,481.7931034482759
2026-08-11T20:00:00+00:00,9207.29,9210.09,9203.29,9210.09,169.2337536372454
2026-08-11T23:00:00+00:00,9214.91,9217.91,9199.34,9203.85,586.8915372155493
2026-08-12T00:00:00+00:00,9203.85,9223.25,9188.74,9198.24,2816
2026-08-12T01:00:00+00:00,9198.24,9207.26,9187.74,9191.25,1000
2026-08-12T02:00:00+00:00,9191.25,9197.26,9181.74,9184.26,720
2026-08-12T03:00:00+00:00,9184.26,9186.76,9176.75,9179.24,530.5712319339298
2026-08-12T04:00:00+00:00,9179.24,9195.76,9179.24,9194.75,453
2026-08-12T05:00:00+00:00,9194.75,9198.75,9190.24,9195.25,407
2026-08-12T06:00:00+00:00,9195.25,9207.14,9190.34,9206.64,329.58039215686273
2026-08-12T07:00:00+00:00,9212.82,9222.03,9202.52,9207.52,627
2026-08-12T08:00:00+00:00,9207.52,9208.04,9197.52,9198.52,626
2026-08-12T09:00:00+00:00,9198.52,9214.04,9198.52,9205.03,1186
2026-08-12T10:00:00+00:00,9205.03,9218.52,9203.52,9216.52,540.6435100548446
2026-08-12T11:00:00+00:00,9216.52,9219.53,9211.52,9215.54,475.6825508058865
2026-08-12T12:00:00+00:00,9215.54,9217.54,9196.82,9209.54,1856
2026-08-12T13:00:00+00:00,9209.54,9210.54,9188.53,9191.02,1494
2026-08-12T14:00:00+00:00,9191.02,9195.04,9171.84,9181.04,1383
2026-08-12T15:00:00+00:00,9181.04,9183.54,9176.52,9180.03,807
2026-08-12T16:00:00+00:00,9180.03,9187.03,9179.54,9183.54,479.1875
2026-08-12T17:00:00+00:00,9183.54,9187.54,9182.52,9184.53,346.89048405646395
2026-08-12T18:00:00+00:00,9184.53,9193.53,9183.52,9190.03,286.2947900390411
2026-08-12T19:00:00+00:00,9190.03,9198.53,9190.03,9195.53,485.3563134414209
2026-08-12T20:00:00+00:00,9195.53,9198.82,9188.02,9198.33,243.7170180882574
2026-08-12T23:00:00+00:00,9187.41,9190.41,9149.99,9160.5,637.5761647963484
2026-08-13T00:00:00+00:00,9160.5,9173.41,9135.89,9138.39,2283
2026-08-13T01:00:00+00:00,9138.39,9139.89,9109.39,9127.9,1378
2026-08-13T02:00:00+00:00,9127.9,9138.91,9119.89,9128.4,685
2026-08-13T03:00:00+00:00,9128.4,9144.89,9124.39,9144.89,531
2026-08-13T04:00:00+00:00,9144.89,9151.4,9134.39,9141.89,655
2026-08-13T05:00:00+00:00,9141.89,9166.91,9141.89,9163.91,527
2026-08-13T06:00:00+00:00,9163.91,9166.5,9156.49,9160.81,501
2026-08-13T07:00:00+00:00,9189.73,9193.43,9174.43,9175.41,556.2619718309859
2026-08-13T08:00:00+00:00,9175.41,9195.92,9172.41,9194.91,588.9527665317139
2026-08-13T09:00:00+00:00,9194.91,9194.93,9188.42,9189.91,384.4292857142857
2026-08-13T10:00:00+00:00,9189.91,9197.42,9184.41,9196.92,279.75293566926683
2026-08-13T11:00:00+00:00,9196.92,9201.41,9182.42,9182.93,326
2026-08-13T12:00:00+00:00,9182.93,9187.93,9172.91,9175.41,921.3922603565604
2026-08-13T13:00:00+00:00,9175.41,9188.43,9165.43,9166.93,1331
2026-08-13T14:00:00+00:00,9166.93,9177.41,9160.42,9169.42,1026
2026-08-13T15:00:00+00:00,9169.42,9171.93,9148.92,9151.41,1252
2026-08-13T16:00:00+00:00,9151.41,9159.43,9148.41,9158.41,483
2026-08-13T17:00:00+00:00,9158.41,9160.42,9151.92,9152.41,317.26050513914277
2026-08-13T18:00:00+00:00,9152.41,9159.42,9152.41,9154.41,358.3324708762817
2026-08-13T19:00:00+00:00,9154.41,9156.43,9146.41,9149.41,342
2026-08-13T20:00:00+00:00,9149.41,9155.42,9148.91,9152.73,197.13425509376322
2026-08-13T23:00:00+00:00,9142.51,9164.95,9142.2,9142.7,653.9335199610995
2026-08-14T00:00:00+00:00,9142.7,9146.58,9112.09,9122.59,2798
2026-08-14T01:00:00+00:00,9122.59,9141.6,9118.59,9129.59,1132
2026-08-14T02:00:00+00:00,9129.59,9134.6,9115.08,9115.6,713.0874057525831
2026-08-14T03:00:00+00:00,9115.6,9123.1,9106.59,9107.09,487
2026-08-14T04:00:00+00:00,9107.09,9113.6,9095.59,9097.59,477
2026-08-14T05:00:00+00:00,9097.59,9110.59,9096.09,9108.59,447.2601351351351
2026-08-14T06:00:00+00:00,9108.59,9113.7,9101.19,9113,416
2026-08-14T07:00:00+00:00,9106.22,9106.22,9081.41,9090.42,551
2026-08-14T08:00:00+00:00,9090.42,9095.42,9083.4,9091.4,595
2026-08-14T09:00:00+00:00,9091.4,9098.42,9087.4,9090.42,430
2026-08-14T10:00:00+00:00,9090.42,9099.42,9090.42,9093.42,360.1899696048632
2026-08-14T11:00:00+00:00,9093.42,9096.42,9082.4,9092.42,416.93097184377837
2026-08-14T12:00:00+00:00,9092.42,9102.41,9085.9,9094.92,642
2026-08-14T13:00:00+00:00,9094.92,9098.42,9088.91,9092.42,998
2026-08-14T14:00:00+00:00,9092.42,9093.92,9071.4,9073.41,845
2026-08-14T15:00:00+00:00,9073.41,9078.4,9060.9,9065.42,824
2026-08-14T16:00:00+00:00,9065.42,9069.92,9062.42,9064.42,397.49723940428026
2026-08-14T17:00:00+00:00,9064.42,9067.42,9062.91,9064.41,361.23856132355695
2026-08-14T18:00:00+00:00,9064.41,9075.41,9063.4,9074.4,309.3971940121645
2026-08-14T19:00:00+00:00,9074.4,9080.92,9071.9,9077.9,333.60445387062566
2026-08-14T20:00:00+00:00,9077.9,9082.4,9074.41,9074.41,123.25811884109574
2026-08-16T23:00:00+00:00,9073.41,9087.04,9073.41,9081.03,97
2026-08-17T00:00:00+00:00,9081.03,9094.93,9075.43,9080.95,1771
2026-08-17T01:00:00+00:00,9080.95,9108.44,9079.45,9089.94,1141
2026-08-17T02:00:00+00:00,9089.94,9093.45,9080.44,9080.44,677.3834304746044
2026-08-17T03:00:00+00:00,9080.44,9087.95,9076.93,9078.43,552.8216039279869
2026-08-17T04:00:00+00:00,9078.43,9082.94,9062.45,9064.45,532.581027571073
2026-08-17T05:00:00+00:00,9064.45,9072.45,9060.94,9062.44,618
2026-08-17T06:00:00+00:00,9062.44,9071.53,9058.03,9071.35,585
2026-08-17T07:00:00+00:00,9072.35,9072.35,9046.05,9058.04,489
2026-08-17T08:00:00+00:00,9058.04,9061.03,9043.03,9048.03,450
2026-08-17T09:00:00+00:00,9048.03,9048.54,9036.04,9037.03,311.8175824175824
2026-08-17T10:00:00+00:00,9037.03,9058.55,9036.53,9044.03,857
2026-08-17T11:00:00+00:00,9044.03,9045.03,9032.04,9032.54,382.6666666666667
2026-08-17T12:00:00+00:00,9032.54,9035.05,9005.03,9009.55,745
2026-08-17T13:00:00+00:00,9009.55,9043.05,9008.03,9043.05,940.9396802325582
2026-08-17T14:00:00+00:00,9043.05,9043.55,9025.53,9027.04,624
2026-08-17T15:00:00+00:00,9027.04,9036.05,9023.04,9034.53,536
2026-08-17T16:00:00+00:00,9034.53,9037.05,9025.05,9029.05,268.25520090902245
2026-08-17T17:00:00+00:00,9029.05,9030.05,9019.53,9024.05,396.9468686597446
2026-08-17T18:00:00+00:00,9024.05,9028.05,9021.05,9022.55,362
2026-08-17T19:00:00+00:00,9022.55,9033.04,9019.03,9031.03,442
2026-08-17T20:00:00+00:00,9031.03,9032.83,9029.03,9032.83,148
2026-08-17T23:00:00+00:00,9032.81,9073.58,9027.81,9071.57,857.0040444133576
2026-08-18T00:00:00+00:00,9071.57,9096.47,9060.49,9085.49,2809
2026-08-18T01:00:00+00:00,9085.49,9114.47,9084.98,9100.97,1652
2026-08-18T02:00:00+00:00,9100.97,9101.99,9088.99,9096.48,965
2026-08-18T03:00:00+00:00,9096.48,9103.48,9079.47,9085.99,704
2026-08-18T04:00:00+00:00,9085.99,9090.97,9080.47,9089.47,525
2026-08-18T05:00:00+00:00,9089.47,9096.49,9083.48,9084.47,555
2026-08-18T06:00:00+00:00,9084.47,9084.47,9068.59,9073.39,571
2026-08-18T07:00:00+00:00,9059.63,9061.81,9039.31,9040.31,634
2026-08-18T08:00:00+00:00,9040.31,9051.82,9031.31,9051.82,827
2026-08-18T09:00:00+00:00,9051.82,9064.33,9046.33,9063.33,674.3253263707572
2026-08-18T10:00:00+00:00,9063.33,9066.32,9056.33,9059.33,404.5686274509804
2026-08-18T11:00:00+00:00,9059.33,9063.33,9054.83,9062.33,405
2026-08-18T12:00:00+00:00,9062.33,9071.33,9059.31,9069.83,480
2026-08-18T13:00:00+00:00,9069.83,9074.32,9054.83,9055.31,1062
2026-08-18T14:00:00+00:00,9055.31,9064.33,9037.31,9038.33,929
2026-08-18T15:00:00+00:00,9038.33,9050.33,9034.31,9049.32,862.023446222553
2026-08-18T16:00:00+00:00,9049.32,9056.33,9043.81,9051.82,433
2026-08-18T17:00:00+00:00,9051.82,9054.33,9048.82,9048.82,218.8060884620599
2026-08-18T18:00:00+00:00,9048.82,9058.82,9046.31,9051.31,272.9640337942533
2026-08-18T19:00:00+00:00,9051.31,9057.33,9041.81,9043.33,394.0987869925161
2026-08-18T20:00:00+00:00,9043.33,9045.32,9035.32,9037.62,142
2026-08-18T23:00:00+00:00,9020.18,9031.18,9003.96,9005.449999999999,723.7355111875513
2026-08-19T00:00:00+00:00,9005.449999999999,9042.359999999999,8992.849999999999,9014.369999999999,2393
2026-08-19T01:00:00+00:00,9014.369999999999,9024.869999999999,9005.849999999999,9012.859999999999,1233
2026-08-19T02:00:00+00:00,9012.859999999999,9021.859999999999,9004.859999999999,9011.349999999999,832
2026-08-19T03:00:00+00:00,9011.349999999999,9019.359999999999,9002.849999999999,9011.869999999999,703
2026-08-19T04:00:00+00:00,9011.869999999999,9031.369999999999,9011.849999999999,9030.859999999999,520.5852734163509
2026-08-19T05:00:00+00:00,9030.859999999999,9035.869999999999,9024.849999999999,9029.859999999999,560
2026-08-19T06:00:00+00:00,9029.859999999999,9039.96,9027.46,9039.259999999998,487
2026-08-19T07:00:00+00:00,9057.07,9067.78,9050.28,9055.76,620
2026-08-19T08:00:00+00:00,9055.76,9056.27,9036.26,9036.78,561.469746258946
2026-08-19T09:00:00+00:00,9036.78,9040.28,9026.76,9036.26,410.07070707070704
2026-08-19T10:00:00+00:00,9036.26,9042.27,9032.27,9040.27,340.16579326420566
2026-08-19T11:00:00+00:00,9040.27,9053.76,9040.27,9052.26,344.8943568721782
2026-08-19T12:00:00+00:00,9052.26,9087.77,9050.26,9075.76,1467.84375
2026-08-19T13:00:00+00:00,9075.76,9086.28,9065.26,9080.77,1295
2026-08-19T14:00:00+00:00,9080.77,9092.28,9071.77,9083.28,1059
2026-08-19T15:00:00+00:00,9083.28,9084.26,9066.77,9074.27,680
2026-08-19T16:00:00+00:00,9074.27,9079.77,9068.26,9068.77,419.6807725779711
2026-08-19T17:00:00+00:00,9068.77,9071.28,9061.76,9062.77,359
2026-08-19T18:00:00+00:00,9062.77,9068.78,9059.26,9066.27,525.886866059818
2026-08-19T19:00:00+00:00,9066.27,9079.28,9066.27,9078.78,526.9044342507646
2026-08-19T20:00:00+00:00,9078.78,9086.06,9078.26,9086.06,149.51458539448532
2026-08-19T23:00:00+00:00,9093.01,9099.01,9067.36,9076.869999999999,865.6208796844218
2026-08-20T00:00:00+00:00,9076.869999999999,9085.26,9044.77,9047.779999999999,3126
2026-08-20T01:00:00+00:00,9047.779999999999,9066.26,9040.27,9041.27,2029
2026-08-20T02:00:00+00:00,9041.27,9064.77,9040.76,9060.77,1127
2026-08-20T03:00:00+00:00,9060.77,9061.26,9044.76,9049.76,812
2026-08-20T04:00:00+00:00,9049.76,9050.76,9036.76,9046.26,721
2026-08-20T05:00:00+00:00,9046.26,9055.279999999999,9043.76,9048.779999999999,713
2026-08-20T06:00:00+00:00,9048.779999999999,9059.38,9045.86,9052.18,528
2026-08-20T07:00:00+00:00,9069.36,9069.36,9038.54,9041.04,824
2026-08-20T08:00:00+00:00,9041.04,9048.06,9027.04,9029.04,1078
2026-08-20T09:00:00+00:00,9029.04,9050.54,9029.04,9046.55,771
2026-08-20T10:00:00+00:00,9046.55,9051.56,9040.06,9045.54,657
2026-08-20T11:00:00+00:00,9045.54,9049.05,9016.54,9017.55,1056
2026-08-20T12:00:00+00:00,9017.55,9023.05,9001.06,9023.05,1590
2026-08-20T13:00:00+00:00,9023.05,9046.06,9016.54,9034.56,1225
2026-08-20T14:00:00+00:00,9034.56,9057.56,9025.05,9057.56,1399
2026-08-20T15:00:00+00:00,9057.56,9069.56,9033.55,9038.55,1368
2026-08-20T16:00:00+00:00,9038.55,9058.04,9036.54,9057.06,604.1010491441193
2026-08-20T17:00:00+00:00,9057.06,9057.06,9043.54,9051.06,424
2026-08-20T18:00:00+00:00,9051.06,9051.56,9043.54,9043.54,443
2026-08-20T19:00:00+00:00,9043.54,9054.56,9042.54,9050.56,506.44218551461245
2026-08-20T20:00:00+00:00,9050.56,9052.56,9038.54,9038.86,159.5676533468072
2026-08-20T23:00:00+00:00,9043.75,9060.3,9027.81,9058.32,574.9168887583776
2026-08-21T00:00:00+00:00,9058.32,9070.22,9052.199999999999,9061.199999999999,1865
2026-08-21T01:00:00+00:00,9061.199999999999,9075.71,9056.199999999999,9059.199999999999,1207
2026-08-21T02:00:00+00:00,9059.199999999999,9060.21,9043.199999999999,9057.199999999999,914
2026-08-21T03:00:00+00:00,9057.199999999999,9059.22,9043.699999999999,9047.199999999999,742.8288246268656
2026-08-21T04:00:00+00:00,9047.199999999999,9056.22,9038.199999999999,9049.199999999999,675
2026-08-21T05:00:00+00:00,9049.199999999999,9053.72,9044.199999999999,9048.21,667.8628153051961
2026-08-21T06:00:00+00:00,9048.21,9053.82,9038.8,9039.619999999999,538
2026-08-21T07:00:00+00:00,9036.15,9058.34,9035.34,9052.34,411
2026-08-21T08:00:00+00:00,9052.34,9057.85,9039.84,9056.34,478.6275911365261
2026-08-21T09:00:00+00:00,9056.34,9060.34,9051.35,9053.84,431
2026-08-21T10:00:00+00:00,9053.84,9059.84,9049.84,9051.35,328.0753202750213
2026-08-21T11:00:00+00:00,9051.35,9067.84,9047.33,9054.85,818
2026-08-21T12:00:00+00:00,9054.85,9058.35,9046.35,9049.34,354.02661311979983
2026-08-21T13:00:00+00:00,9049.34,9085.84,9046.34,9083.83,1162.5132075471697
2026-08-21T14:00:00+00:00,9083.83,9088.84,9074.85,9079.33,1019
2026-08-21T15:00:00+00:00,9079.33,9085.35,9073.35,9080.35,752
2026-08-21T16:00:00+00:00,9080.35,9081.33,9070.34,9077.83,602
2026-08-21T17:00:00+00:00,9077.83,9079.34,9070.84,9071.34,313.52906246647206
2026-08-21T18:00:00+00:00,9071.34,9083.83,9068.85,9082.34,215.7384885696638
2026-08-21T19:00:00+00:00,9082.34,9085.33,9074.84,9079.34,304.6107468335519
2026-08-21T20:00:00+00:00,9079.34,9080.35,9075.33,9077.33,98.35894460883945
2026-08-23T23:00:00+00:00,9077.33,9084.59,9071.08,9082.59,211
2026-08-24T00:00:00+00:00,9082.59,9091.99,9063.99,9091.97,2178
2026-08-24T01:00:00+00:00,9091.97,9110.98,9077.98,9110.98,1122
2026-08-24T02:00:00+00:00,9110.98,9124.99,9099.97,9108.98,787
2026-08-24T03:00:00+00:00,9108.98,9108.99,9097.97,9099.47,478
2026-08-24T04:00:00+00:00,9099.47,9105.99,9091.97,9095.99,555
2026-08-24T05:00:00+00:00,9095.99,9100.48,9083.97,9084.48,616
2026-08-24T06:00:00+00:00,9084.48,9095.09,9079.57,9088.87,491
2026-08-24T07:00:00+00:00,9088.87,9088.87,9068.57,9068.57,773
2026-08-24T08:00:00+00:00,9068.57,9081.59,9067.57,9077.08,928
2026-08-24T09:00:00+00:00,9077.08,9090.59,9076.08,9089.57,447
2026-08-24T10:00:00+00:00,9089.57,9093.58,9082.57,9083.09,400
2026-08-24T11:00:00+00:00,9083.09,9094.08,9077.57,9080.59,1439
2026-08-24T12:00:00+00:00,9080.59,9084.58,9071.57,9079.59,1024
2026-08-24T13:00:00+00:00,9079.59,9097.09,9069.57,9093.57,1209
2026-08-24T14:00:00+00:00,9093.57,9111.59,9089.59,9103.59,1051
2026-08-24T15:00:00+00:00,9103.59,9106.59,9089.57,9091.57,962
2026-08-24T16:00:00+00:00,9091.57,9103.59,9091.57,9095.09,629
2026-08-24T17:00:00+00:00,9095.09,9106.59,9094.08,9097.07,1052
2026-08-24T18:00:00+00:00,9097.07,9102.58,9094.59,9096.59,501
2026-08-24T19:00:00+00:00,9096.59,9098.59,9091.58,9094.09,475
2026-08-24T20:00:00+00:00,9094.09,9102.37,9094.09,9102.37,213
2026-08-24T23:00:00+00:00,9102.37,9105.82,9091.82,9104.8,134
2026-08-25T00:00:00+00:00,9104.8,9149.21,9104.8,9132.2,2859
2026-08-25T01:00:00+00:00,9132.2,9179.72,9131.2,9158.7,1327
2026-08-25T02:00:00+00:00,9158.7,9161.72,9135.7,9136.7,1231
2026-08-25T03:00:00+00:00,9136.7,9163.21,9136.7,9146.7,785
2026-08-25T04:00:00+00:00,9146.7,9159.22,9145.2,9145.2,478
2026-08-25T05:00:00+00:00,9145.2,9163.21,9144.2,9160.21,609
2026-08-25T06:00:00+00:00,9160.21,9166.81,9156.3,9161.6,445
2026-08-25T07:00:00+00:00,9161.6,9166.31,9146.8,9149.31,555
2026-08-25T08:00:00+00:00,9149.31,9168.82,9141.8,9163.8,1803
2026-08-25T09:00:00+00:00,9163.8,9186.31,9160.8,9180.3,1256
2026-08-25T10:00:00+00:00,9180.3,9180.32,9167.81,9168.8,548
2026-08-25T11:00:00+00:00,9168.8,9171.32,9161.32,9169.32,602
2026-08-25T12:00:00+00:00,9169.32,9169.81,9158.8,9162.8,393
2026-08-25T13:00:00+00:00,9162.8,9170.32,9158.31,9167.3,902
2026-08-25T14:00:00+00:00,9167.3,9188.3,9166.8,9184.31,997
2026-08-25T15:00:00+00:00,9184.31,9193.32,9181.81,9187.8,927
2026-08-25T16:00:00+00:00,9187.8,9191.3,9182.3,9189.8,455
2026-08-25T17:00:00+00:00,9189.8,9189.8,9183.8,9188.82,338
2026-08-25T18:00:00+00:00,9188.82,9192.32,9186.8,9190.81,344
2026-08-25T19:00:00+00:00,9190.81,9195.82,9187.3,9195.82,509
2026-08-25T20:00:00+00:00,9195.82,9196.82,9187.8,9192.11,213
2026-08-25T23:00:00+00:00,9192.11,9192.11,9165.03,9181.54,153
2026-08-26T00:00:00+00:00,9181.54,9208.43,9172.43,9204.95,2045
2026-08-26T01:00:00+00:00,9204.95,9219.44,9167.94,9177.45,1550
2026-08-26T02:00:00+00:00,9177.45,9181.45,9147.95,9147.95,926
2026-08-26T03:00:00+00:00,9147.95,9147.95,9137.95,9142.94,820
2026-08-26T04:00:00+00:00,9142.94,9147.95,9133.43,9135.44,751
2026-08-26T05:00:00+00:00,9135.44,9141.95,9123.43,9126.45,914
2026-08-26T06:00:00+00:00,9126.45,9126.45,9107.05,9116.84,721
2026-08-26T07:00:00+00:00,9116.84,9126.55,9114.04,9122.53,654
2026-08-26T08:00:00+00:00,9122.53,9125.04,9114.53,9116.53,628
2026-08-26T09:00:00+00:00,9116.53,9121.04,9114.05,9116.03,425
2026-08-26T10:00:00+00:00,9116.03,9117.04,9107.53,9108.05,526
2026-08-26T11:00:00+00:00,9108.05,9114.54,9106.54,9114.53,413
2026-08-26T12:00:00+00:00,9114.53,9130.05,9113.54,9115.03,1191
2026-08-26T13:00:00+00:00,9115.03,9136.04,9109.04,9133.55,1103
2026-08-26T14:00:00+00:00,9133.55,9135.53,9108.53,9110.05,692
2026-08-26T15:00:00+00:00,9110.05,9114.04,9100.05,9102.03,682
2026-08-26T16:00:00+00:00,9102.03,9103.55,9094.53,9103.54,375
2026-08-26T17:00:00+00:00,9103.54,9108.05,9100.04,9106.04,326
2026-08-26T18:00:00+00:00,9106.04,9112.03,9104.03,9110.05,240
2026-08-26T19:00:00+00:00,9110.05,9115.05,9095.04,9096.54,560
2026-08-26T20:00:00+00:00,9096.54,9113.34,9096.54,9113.34,812
2026-08-26T23:00:00+00:00,9113.34,9114.59,9102.57,9108.57,335
2026-08-27T00:00:00+00:00,9108.57,9115.99,9065.97,9071.47,2142
2026-08-27T01:00:00+00:00,9071.47,9080.96,9056.949999999999,9066.97,1102
2026-08-27T02:00:00+00:00,9066.97,9067.97,9046.949999999999,9047.97,624
2026-08-27T03:00:00+00:00,9047.97,9055.97,9033.449999999999,9033.449999999999,400
2026-08-27T04:00:00+00:00,9033.449999999999,9045.97,9025.47,9028.99,449
2026-08-27T05:00:00+00:00,9028.99,9029.99,9017.97,9018.98,519
2026-08-27T06:00:00+00:00,9018.98,9032.39,9013.07,9031.87,656
2026-08-27T07:00:00+00:00,9031.87,9037.08,9016.57,9023.08,808
2026-08-27T08:00:00+00:00,9023.08,9027.08,9007.57,9007.57,765
2026-08-27T09:00:00+00:00,9007.57,9020.59,9005.57,9014.07,765
2026-08-27T10:00:00+00:00,9014.07,9016.59,9007.07,9014.57,707
2026-08-27T11:00:00+00:00,9014.57,9031.59,9012.57,9029.58,805
2026-08-27T12:00:00+00:00,9029.58,9030.59,9011.58,9013.58,703
2026-08-27T13:00:00+00:00,9013.58,9019.09,9000.58,9011.09,1490
2026-08-27T14:00:00+00:00,9011.09,9029.57,9001.07,9025.59,1190
2026-08-27T15:00:00+00:00,9025.59,9041.07,9023.56,9040.07,822
2026-08-27T16:00:00+00:00,9040.07,9041.05,9035.539999999999,9037.539999999999,392
2026-08-27T17:00:00+00:00,9037.539999999999,9041.58,9034.58,9034.59,388
2026-08-27T18:00:00+00:00,9034.59,9043.59,9030.07,9042.59,592
2026-08-27T19:00:00+00:00,9042.59,9049.57,9032.57,9047.09,735
2026-08-27T20:00:00+00:00,9047.09,9047.59,9026.37,9026.37,303
2026-08-27T23:00:00+00:00,9026.37,9051.62,9026.37,9044.11,163
2026-08-28T00:00:00+00:00,9044.11,9071.01,9038.02,9060.01,1714
2026-08-28T01:00:00+00:00,9060.01,9073.52,9050,9066,1071
2026-08-28T02:00:00+00:00,9066,9066.01,9054,9060.52,548
2026-08-28T03:00:00+00:00,9060.52,9077,9060.52,9064.5,549
2026-08-28T04:00:00+00:00,9064.5,9080.02,9064.01,9076.5,391
2026-08-28T05:00:00+00:00,9076.5,9086.02,9075.02,9084.02,449
2026-08-28T06:00:00+00:00,9084.02,9095.1,9083.1,9089.41,524
2026-08-28T07:00:00+00:00,9089.41,9099.6,9087.91,9089.11,554
2026-08-28T08:00:00+00:00,9089.11,9092.62,9075.6,9083.11,631
2026-08-28T09:00:00+00:00,9083.11,9088.11,9080.11,9086.62,446
2026-08-28T10:00:00+00:00,9086.62,9086.62,9075.1,9075.62,460
2026-08-28T11:00:00+00:00,9075.62,9081.6,9075.1,9079.6,451
2026-08-28T12:00:00+00:00,9079.6,9087.62,9076.6,9084.61,508
2026-08-28T13:00:00+00:00,9084.61,9101.61,9081.62,9091.62,1151
2026-08-28T14:00:00+00:00,9091.62,9109.61,9064.61,9082.62,3638
2026-08-28T15:00:00+00:00,9082.62,9083.61,9048.1,9049.61,1791
2026-08-28T16:00:00+00:00,9049.61,9053.1,9026.6,9038.6,1859
2026-08-28T17:00:00+00:00,9038.6,9048.1,9032.61,9047.11,1349
2026-08-28T18:00:00+00:00,9047.11,9049.12,9042.61,9047.62,825
2026-08-28T19:00:00+00:00,9047.62,9053.61,9043.6,9048.62,774
2026-08-28T20:00:00+00:00,9048.62,9053.62,9048.11,9053.62,244
2026-08-30T23:00:00+00:00,9053.62,9060.88,9040.37,9057.38,391
2026-08-31T00:00:00+00:00,9057.38,9102.27,9055.27,9086.28,2629
2026-08-31T01:00:00+00:00,9086.28,9125.27,9084.76,9090.26,1642
2026-08-31T02:00:00+00:00,9090.26,9098.27,9084.27,9097.26,1021
2026-08-31T03:00:00+00:00,9097.26,9101.78,9080.77,9082.27,550
2026-08-31T04:00:00+00:00,9082.27,9083.27,9065.26,9069.76,490
2026-08-31T05:00:00+00:00,9069.76,9081.26,9069.27,9078.78,584
2026-08-31T06:00:00+00:00,9078.78,9079.88,9056.88,9070.17,754
2026-08-31T07:00:00+00:00,9070.17,9083.87,9066.87,9083.87,456
2026-08-31T08:00:00+00:00,9083.87,9090.38,9081.36,9083.36,466
2026-08-31T09:00:00+00:00,9083.36,9088.88,9076.86,9077.87,279
2026-08-31T10:00:00+00:00,9077.87,9083.38,9071.86,9081.37,340
2026-08-31T11:00:00+00:00,9081.37,9092.37,9081.37,9087.88,378
2026-08-31T12:00:00+00:00,9087.88,9092.87,9066.86,9071.86,952
2026-08-31T13:00:00+00:00,9071.86,9076.87,9041.36,9043.38,780
2026-08-31T14:00:00+00:00,9043.38,9057.37,9035.87,9052.86,813
2026-08-31T15:00:00+00:00,9052.86,9058.38,9038.87,9038.87,803
2026-08-31T16:00:00+00:00,9038.87,9044.88,9036.86,9038.37,487
2026-08-31T17:00:00+00:00,9038.37,9042.37,9033.86,9038.86,403
2026-08-31T18:00:00+00:00,9038.86,9040.87,9032.86,9039.37,338
2026-08-31T19:00:00+00:00,9039.37,9052.87,9038.86,9046.38,292
2026-08-31T20:00:00+00:00,9046.38,9051.67,9044.88,9051.67,194
2026-08-31T23:00:00+00:00,9051.67,9051.67,9016.33,9024.82,141
2026-09-01T00:00:00+00:00,9024.82,9052.74,9023.24,9033.72,1823
2026-09-01T01:00:00+00:00,9033.72,9037.23,9015.72,9037.23,808
2026-09-01T02:00:00+00:00,9037.23,9053.24,9034.72,9044.72,675
2026-09-01T03:00:00+00:00,9044.72,9048.73,9027.74,9027.74,469
2026-09-01T04:00:00+00:00,9027.74,9046.23,9027.72,9039.23,405
2026-09-01T05:00:00+00:00,9039.23,9066.74,9038.22,9064.24,556
2026-09-01T06:00:00+00:00,9064.24,9068.32,9048.82,9049.63,431
2026-09-01T07:00:00+00:00,9049.63,9062.32,9037.83,9047.83,955
2026-09-01T08:00:00+00:00,9047.83,9051.34,8990.32,8998.84,2640
2026-09-01T09:00:00+00:00,8998.84,9009.34,8998.33,9001.33,1604
2026-09-01T10:00:00+00:00,9001.33,9025.84,8999.32,9020.33,1196
2026-09-01T11:00:00+00:00,9020.33,9037.34,9014.84,9025.32,998
2026-09-01T12:00:00+00:00,9025.32,9038.34,9020.83,9034.33,1252
2026-09-01T13:00:00+00:00,9034.33,9039.33,9017.33,9026.64,1409
2026-09-01T14:00:00+00:00,9026.64,9040.83,9010.82,9014.34,1159
2026-09-01T15:00:00+00:00,9014.34,9016.34,9001.83,9004.32,834
2026-09-01T16:00:00+00:00,9004.32,9006.84,8976.32,8986.34,1421
2026-09-01T17:00:00+00:00,8986.34,8986.84,8976.32,8977.34,921
2026-09-01T18:00:00+00:00,8977.34,8978.33,8954.32,8963.34,769
2026-09-01T19:00:00+00:00,8963.34,8973.33,8962.32,8967.34,955
2026-09-01T20:00:00+00:00,8967.34,8971.33,8965.84,8970.64,251
2026-09-01T23:00:00+00:00,8970.64,8970.64,8956.6,8963.59,199
2026-09-02T00:00:00+00:00,8963.59,8967.5,8928.98,8929.49,2327
2026-09-02T01:00:00+00:00,8929.49,8967,8926.5,8957.99,1869
2026-09-02T02:00:00+00:00,8957.99,8970,8950.48,8954.49,1079
2026-09-02T03:00:00+00:00,8954.49,8965,8947,8955.99,753
2026-09-02T04:00:00+00:00,8955.99,8969,8954.48,8964.5,565
2026-09-02T05:00:00+00:00,8964.5,8984,8964.48,8967.49,716
2026-09-02T06:00:00+00:00,8967.49,8976.6,8964.58,8973.39,496
2026-09-02T07:00:00+00:00,8973.39,8998.08,8971.08,8971.1,1013
2026-09-02T08:00:00+00:00,8971.1,8978.1,8965.08,8966.59,1179
2026-09-02T09:00:00+00:00,8966.59,8972.59,8953.6,8961.08,1061
2026-09-02T10:00:00+00:00,8961.08,8961.1,8953.58,8959.08,823
2026-09-02T11:00:00+00:00,8959.08,8988.1,8953.59,8988.09,1411
2026-09-02T12:00:00+00:00,8988.09,8992.1,8975.09,8977.1,1276
2026-09-02T13:00:00+00:00,8977.1,9010.1,8977.1,9008.59,1502
2026-09-02T14:00:00+00:00,9008.59,9016.1,8999.6,9000.59,1588
2026-09-02T15:00:00+00:00,9000.59,9002.6,8991.08,8995.08,1019
2026-09-02T16:00:00+00:00,8995.08,9003.58,8993.58,9002.58,550
2026-09-02T17:00:00+00:00,9002.58,9007.6,8999.58,9002.6,445
2026-09-02T18:00:00+00:00,9002.6,9009.58,8993.58,8995.6,589
2026-09-02T19:00:00+00:00,8995.6,9010.6,8993.59,9010.09,526
2026-09-02T20:00:00+00:00,9010.09,9012.6,9006.59,9008.4,344
2026-09-02T23:00:00+00:00,9008.4,9008.4,8955.99,8955.99,290
2026-09-03T00:00:00+00:00,8955.99,8984.89,8955.99,8970.4,1470
2026-09-03T01:00:00+00:00,8970.4,8991.4,8962.89,8991.38,667
2026-09-03T02:00:00+00:00,8991.38,9017.89,8990.88,9016.89,401
2026-09-03T03:00:00+00:00,9016.89,9020.9,9006.88,9012.4,365
2026-09-03T04:00:00+00:00,9012.4,9013.4,9000.88,9007.38,442
2026-09-03T05:00:00+00:00,9007.38,9008.9,8994.38,9006.38,838
2026-09-03T06:00:00+00:00,9006.38,9017.49,9005.48,9014.29,516
2026-09-03T07:00:00+00:00,9014.29,9014.29,8990.5,9000.48,897
2026-09-03T08:00:00+00:00,9000.48,9019.49,8999.48,9009.49,1984
2026-09-03T09:00:00+00:00,9009.49,9014.5,9001.48,9002.99,907
2026-09-03T10:00:00+00:00,9002.99,9006.5,8994.99,9000.98,774
2026-09-03T11:00:00+00:00,9000.98,9017.99,9000.98,9013,1116
2026-09-03T12:00:00+00:00,9013,9047.5,9010.98,9040.5,1385
2026-09-03T13:00:00+00:00,9040.5,9046.48,9022.5,9032.99,1344
2026-09-03T14:00:00+00:00,9032.99,9034.48,9009,9027.49,1534
2026-09-03T15:00:00+00:00,9027.49,9045.49,9027.48,9037.99,941
2026-09-03T16:00:00+00:00,9037.99,9041.5,9034.5,9037.5,448
2026-09-03T17:00:00+00:00,9037.5,9046.5,9035.98,9043.49,312
2026-09-03T18:00:00+00:00,9043.49,9046.5,9039.48,9040.49,257
2026-09-03T19:00:00+00:00,9040.49,9044.5,9038.98,9042.5,296
2026-09-03T20:00:00+00:00,9042.5,9042.5,9032.98,9038.8,150
2026-09-03T23:00:00+00:00,9038.8,9045.1,9038.6,9043.59,128
2026-09-04T00:00:00+00:00,9043.59,9050.49,9015.49,9022.99,1611
2026-09-04T01:00:00+00:00,9022.99,9029,8996.98,9000.99,996
2026-09-04T02:00:00+00:00,9000.99,9007,8993,9003.99,559
2026-09-04T03:00:00+00:00,9003.99,9006.49,8991.98,8994.48,363
2026-09-04T04:00:00+00:00,8994.48,9002,8990.98,9001.99,340
2026-09-04T05:00:00+00:00,9001.99,9016,8999,9009.98,446
2026-09-04T06:00:00+00:00,9009.98,9009.98,8996.6,9003.88,384
2026-09-04T07:00:00+00:00,9003.88,9009.59,8988.1,9001.58,689
2026-09-04T08:00:00+00:00,9001.58,9002.59,8988.58,9001.09,814
2026-09-04T09:00:00+00:00,9001.09,9004.1,8993.59,8995.6,640
2026-09-04T10:00:00+00:00,8995.6,9000.58,8984.58,8993.59,599
2026-09-04T11:00:00+00:00,8993.59,8995.1,8987.59,8990.6,379
2026-09-04T12:00:00+00:00,8990.6,8992.6,8952.1,8972.59,2566
2026-09-04T13:00:00+00:00,8972.59,8992.1,8966.08,8980.08,1738
2026-09-04T14:00:00+00:00,8980.08,9000.58,8980.08,8987.6,1162
2026-09-04T15:00:00+00:00,8987.6,9001.6,8984.58,8998.1,1056
2026-09-04T16:00:00+00:00,8998.1,9008.1,8998.09,9001.59,441
2026-09-04T17:00:00+00:00,9001.59,9005.59,8992.58,8993.09,513
2026-09-04T18:00:00+00:00,8993.09,8999.59,8992.1,8995.59,344
2026-09-04T19:00:00+00:00,8995.59,9000.6,8992.59,9000.59,323
2026-09-04T20:00:00+00:00,9000.59,9000.6,8995.59,8998.59,137
2026-09-06T23:00:00+00:00,8998.59,9004.04,8993.02,8994.04,115
2026-09-07T00:00:00+00:00,8994.04,9042.94,8994.04,9024.93,1323
2026-09-07T01:00:00+00:00,9024.93,9033.44,9000.44,9005.44,714
2026-09-07T02:00:00+00:00,9005.44,9009.42,8999.92,9002.42,663
2026-09-07T03:00:00+00:00,9002.42,9015.44,8997.44,9005.93,500
2026-09-07T04:00:00+00:00,9005.93,9006.44,8993.42,9003.42,396
2026-09-07T05:00:00+00:00,9003.42,9012.94,8999.44,9003.93,499
2026-09-07T06:00:00+00:00,9003.93,9006.02,8995.02,9000.32,444
2026-09-07T07:00:00+00:00,9000.32,9011.02,8978.04,8996.52,911
2026-09-07T08:00:00+00:00,8996.52,9004.04,8992.52,8997.52,720
2026-09-07T09:00:00+00:00,8997.52,9003.04,8994.52,9000.03,360
2026-09-07T10:00:00+00:00,9000.03,9003.04,8994.02,8999.52,575
2026-09-07T11:00:00+00:00,8999.52,8999.52,8989.02,8993.54,542
2026-09-07T12:00:00+00:00,8993.54,9006.02,8993.02,9002.53,407
2026-09-07T13:00:00+00:00,9002.53,9006.53,8996.02,9000.52,376
2026-09-07T14:00:00+00:00,9000.52,9003.53,8996.02,8997.02,416
2026-09-07T15:00:00+00:00,8997.02,8999.54,8993.52,8996.03,374
2026-09-07T16:00:00+00:00,8996.03,8998.54,8993.52,8996.02,139
2026-09-07T17:00:00+00:00,8996.02,8997.04,8995.02,8995.53,38
2026-09-07T18:00:00+00:00,8995.53,8995.54,8993.02,8993.04,26
2026-09-07T19:00:00+00:00,8993.04,8994.04,8992.03,8993.02,36
2026-09-07T20:00:00+00:00,8993.02,8994.32,8993.02,8994.32,22
2026-09-07T23:00:00+00:00,8994.32,8999.83,8986.33,8995.83,153
2026-09-08T00:00:00+00:00,8995.83,9000.25,8933.73,8948.24,1625
2026-09-08T01:00:00+00:00,8948.24,8975.75,8925.75,8974.74,1222
2026-09-08T02:00:00+00:00,8974.74,8981.73,8941.74,8945.24,793
2026-09-08T03:00:00+00:00,8945.24,8956.25,8938.73,8938.75,592
2026-09-08T04:00:00+00:00,8938.75,8942.75,8926.73,8926.73,380
2026-09-08T05:00:00+00:00,8926.73,8929.74,8906.74,8909.23,673
2026-09-08T06:00:00+00:00,8909.23,8915.34,8899.34,8909.63,831
2026-09-08T07:00:00+00:00,8909.63,8922.35,8892.33,8894.35,1187
2026-09-08T08:00:00+00:00,8894.35,8896.35,8884.34,8893.84,1972
2026-09-08T09:00:00+00:00,8893.84,8913.35,8890.34,8913.34,1127
2026-09-08T10:00:00+00:00,8913.34,8917.33,8901.33,8908.35,978
2026-09-08T11:00:00+00:00,8908.35,8927.35,8902.83,8926.34,845
2026-09-08T12:00:00+00:00,8926.34,8938.34,8916.85,8938.34,1117
2026-09-08T13:00:00+00:00,8938.34,8944.34,8919.35,8936.33,1465
2026-09-08T14:00:00+00:00,8936.33,8942.34,8917.83,8941.84,1428
2026-09-08T15:00:00+00:00,8941.84,8950.35,8938.33,8938.35,887
2026-09-08T16:00:00+00:00,8938.35,8941.35,8929.34,8934.83,737
2026-09-08T17:00:00+00:00,8934.83,8942.84,8933.83,8938.33,620
2026-09-08T18:00:00+00:00,8938.33,8942.35,8920.83,8926.34,991
2026-09-08T19:00:00+00:00,8926.34,8936.35,8923.34,8928.83,1054
2026-09-08T20:00:00+00:00,8928.83,8929.83,8924.33,8927.14,259
2026-09-08T23:00:00+00:00,8927.14,8927.14,8914.19,8922.2,194
2026-09-09T00:00:00+00:00,8922.2,8945.6,8888.6,8892.6,1636
2026-09-09T01:00:00+00:00,8892.6,8903.61,8885.59,8894.6,1009
2026-09-09T02:00:00+00:00,8894.6,8899.11,8881.11,8895.59,647
2026-09-09T03:00:00+00:00,8895.59,8898.61,8891.09,8894.1,483
2026-09-09T04:00:00+00:00,8894.1,8907.61,8888.09,8905.59,405
2026-09-09T05:00:00+00:00,8905.59,8917.6,8903.59,8911.59,491
2026-09-09T06:00:00+00:00,8911.59,8912.2,8896.19,8899.99,432
2026-09-09T07:00:00+00:00,8899.99,8911.21,8892.19,8897.19,846
2026-09-09T08:00:00+00:00,8897.19,8901.2,8876.2,8880.21,904
2026-09-09T09:00:00+00:00,8880.21,8883.21,8846.2,8850.19,1214
2026-09-09T10:00:00+00:00,8850.19,8857.21,8831.69,8832.7,1632
2026-09-09T11:00:00+00:00,8832.7,8840.71,8824.21,8824.69,1527
2026-09-09T12:00:00+00:00,8824.69,8847.21,8815.19,8844.69,1055
2026-09-09T13:00:00+00:00,8844.69,8850.71,8825.69,8830.21,1490
2026-09-09T14:00:00+00:00,8830.21,8836.71,8816.21,8827.21,1728
2026-09-09T15:00:00+00:00,8827.21,8834.7,8804.69,8812.19,2346
2026-09-09T16:00:00+00:00,8812.19,8816.71,8804.19,8813.2,748
2026-09-09T17:00:00+00:00,8813.2,8819.69,8809.21,8814.7,578
2026-09-09T18:00:00+00:00,8814.7,8816.21,8805.21,8806.2,264
2026-09-09T19:00:00+00:00,8806.2,8817.21,8801.2,8810.2,603
2026-09-09T20:00:00+00:00,8810.2,8814.01,8805.19,8814.01,228
2026-09-09T23:00:00+00:00,8814.01,8820.76,8793.76,8818.76,258
2026-09-10T00:00:00+00:00,8818.76,8818.76,8748.16,8748.16,2261
2026-09-10T01:00:00+00:00,8748.16,8754.67,8734.17,8742.67,1444
2026-09-10T02:00:00+00:00,8742.67,8767.16,8738.68,8764.18,987
2026-09-10T03:00:00+00:00,8764.18,8777.18,8764.18,8766.16,785
2026-09-10T04:00:00+00:00,8766.16,8785.17,8765.16,8781.18,396
2026-09-10T05:00:00+00:00,8781.18,8802.18,8776.17,8798.68,558
2026-09-10T06:00:00+00:00,8798.68,8809.27,8790.76,8807.07,636
2026-09-10T07:00:00+00:00,8807.07,8810.28,8786.77,8793.28,746
2026-09-10T08:00:00+00:00,8793.28,8794.76,8766.76,8768.76,1013
2026-09-10T09:00:00+00:00,8768.76,8770.78,8761.76,8767.26,999
2026-09-10T10:00:00+00:00,8767.26,8774.27,8759.76,8759.77,1599
2026-09-10T11:00:00+00:00,8759.77,8763.77,8748.27,8748.76,1311
2026-09-10T12:00:00+00:00,8748.76,8755.26,8725.76,8742.76,3097
2026-09-10T13:00:00+00:00,8742.76,8750.28,8734.77,8737.76,2678
2026-09-10T14:00:00+00:00,8737.76,8752.77,8728.27,8744.76,2308
2026-09-10T15:00:00+00:00,8744.76,8744.76,8721.77,8722.76,1738
2026-09-10T16:00:00+00:00,8722.76,8730.78,8719.76,8730.77,1468
2026-09-10T17:00:00+00:00,8730.77,8734.28,8715.76,8718.26,1174
2026-09-10T18:00:00+00:00,8718.26,8720.78,8707.76,8719.27,1083
2026-09-10T19:00:00+00:00,8719.27,8732.27,8710.76,8732.27,1165
2026-09-10T20:00:00+00:00,8732.27,8732.76,8722.76,8724.56,241
2026-09-10T23:00:00+00:00,8724.56,8724.56,8704.02,8714.53,238
2026-09-11T00:00:00+00:00,8714.53,8742.43,8709.94,8742.43,2167
2026-09-11T01:00:00+00:00,8742.43,8756.44,8697.43,8702.44,1283
2026-09-11T02:00:00+00:00,8702.44,8711.93,8692.92,8697.94,976
2026-09-11T03:00:00+00:00,8697.94,8709.43,8696.43,8705.44,831
2026-09-11T04:00:00+00:00,8705.44,8732.44,8704.43,8721.42,1304
2026-09-11T05:00:00+00:00,8721.42,8737.44,8720.42,8730.93,886
2026-09-11T06:00:00+00:00,8730.93,8732.04,8720.02,8724.32,677
2026-09-11T07:00:00+00:00,8724.32,8733.02,8719.03,8726.04,874
2026-09-11T08:00:00+00:00,8726.04,8741.04,8717.52,8740.03,1778
2026-09-11T09:00:00+00:00,8740.03,8745.52,8729.52,8738.02,974
2026-09-11T10:00:00+00:00,8738.02,8742.53,8732.02,8734.02,1121
2026-09-11T11:00:00+00:00,8734.02,8738.53,8721.03,8727.04,1012
2026-09-11T12:00:00+00:00,8727.04,8765.54,8705.32,8765.02,2886
2026-09-11T13:00:00+00:00,8765.02,8776.52,8754.53,8776.03,2639
2026-09-11T14:00:00+00:00,8776.03,8776.03,8728.03,8743.03,2170
2026-09-11T15:00:00+00:00,8743.03,8755.53,8739.03,8748.53,1390
2026-09-11T16:00:00+00:00,8748.53,8754.53,8741.53,8751.04,1345
2026-09-11T17:00:00+00:00,8751.04,8754.54,8742.02,8745.53,871
2026-09-11T18:00:00+00:00,8745.53,8749.03,8733.54,8736.53,659
2026-09-11T19:00:00+00:00,8736.53,8745.03,8733.02,8741.03,546
2026-09-11T20:00:00+00:00,8741.03,8746.53,8740.52,8741.52,136
